offer_id,pain_angle,fear_angle,productivity_angle,beginner_angle,roi_angle,speed_angle,automation_angle,enterprise_angle
activecampaign,Reduce manual work in Email Marketing workflows.,Avoid falling behind teams already using Email Marketing automation.,Save hours each week with a focused Email Marketing stack.,Start with ActiveCampaign without a complex setup.,Test whether ActiveCampaign can pay back from one extra customer.,Launch a usable Email Marketing workflow faster.,Automate repeated tasks before scaling campaigns.,"Give teams a clearer, more repeatable Email Marketing process."
make,Reduce manual work in Automation workflows.,Avoid falling behind teams already using Automation automation.,Save hours each week with a focused Automation stack.,Start with Make without a complex setup.,Test whether Make can pay back from one extra customer.,Launch a usable Automation workflow faster.,Automate repeated tasks before scaling campaigns.,"Give teams a clearer, more repeatable Automation process."
surfer-seo,Reduce manual work in AI SEO workflows.,Avoid falling behind teams already using AI SEO automation.,Save hours each week with a focused AI SEO stack.,Start with Surfer SEO without a complex setup.,Test whether Surfer SEO can pay back from one extra customer.,Launch a usable AI SEO workflow faster.,Automate repeated tasks before scaling campaigns.,"Give teams a clearer, more repeatable AI SEO process."
github-copilot,Reduce manual work in AI Coding workflows.,Avoid falling behind teams already using AI Coding automation.,Save hours each week with a focused AI Coding stack.,Start with GitHub Copilot without a complex setup.,Test whether GitHub Copilot can pay back from one extra customer.,Launch a usable AI Coding workflow faster.,Automate repeated tasks before scaling campaigns.,"Give teams a clearer, more repeatable AI Coding process."
semrush,Reduce manual work in AI SEO workflows.,Avoid falling behind teams already using AI SEO automation.,Save hours each week with a focused AI SEO stack.,Start with Semrush without a complex setup.,Test whether Semrush can pay back from one extra customer.,Launch a usable AI SEO workflow faster.,Automate repeated tasks before scaling campaigns.,"Give teams a clearer, more repeatable AI SEO process."
elevenlabs,Reduce manual work in AI Voice workflows.,Avoid falling behind teams already using AI Voice automation.,Save hours each week with a focused AI Voice stack.,Start with ElevenLabs without a complex setup.,Test whether ElevenLabs can pay back from one extra customer.,Launch a usable AI Voice workflow faster.,Automate repeated tasks before scaling campaigns.,"Give teams a clearer, more repeatable AI Voice process."
zapier,Reduce manual work in Automation workflows.,Avoid falling behind teams already using Automation automation.,Save hours each week with a focused Automation stack.,Start with Zapier without a complex setup.,Test whether Zapier can pay back from one extra customer.,Launch a usable Automation workflow faster.,Automate repeated tasks before scaling campaigns.,"Give teams a clearer, more repeatable Automation process."
webflow-ai,Reduce manual work in Website Builder workflows.,Avoid falling behind teams already using Website Builder automation.,Save hours each week with a focused Website Builder stack.,Start with Webflow AI without a complex setup.,Test whether Webflow AI can pay back from one extra customer.,Launch a usable Website Builder workflow faster.,Automate repeated tasks before scaling campaigns.,"Give teams a clearer, more repeatable Website Builder process."
hubspot,Reduce manual work in CRM workflows.,Avoid falling behind teams already using CRM automation.,Save hours each week with a focused CRM stack.,Start with HubSpot without a complex setup.,Test whether HubSpot can pay back from one extra customer.,Launch a usable CRM workflow faster.,Automate repeated tasks before scaling campaigns.,"Give teams a clearer, more repeatable CRM process."
reclaim-ai,Reduce manual work in AI Meeting workflows.,Avoid falling behind teams already using AI Meeting automation.,Save hours each week with a focused AI Meeting stack.,Start with Reclaim AI without a complex setup.,Test whether Reclaim AI can pay back from one extra customer.,Launch a usable AI Meeting workflow faster.,Automate repeated tasks before scaling campaigns.,"Give teams a clearer, more repeatable AI Meeting process."
webflow,Reduce manual work in Website Builder workflows.,Avoid falling behind teams already using Website Builder automation.,Save hours each week with a focused Website Builder stack.,Start with Webflow without a complex setup.,Test whether Webflow can pay back from one extra customer.,Launch a usable Website Builder workflow faster.,Automate repeated tasks before scaling campaigns.,"Give teams a clearer, more repeatable Website Builder process."
cursor,Reduce manual work in AI Coding workflows.,Avoid falling behind teams already using AI Coding automation.,Save hours each week with a focused AI Coding stack.,Start with Cursor without a complex setup.,Test whether Cursor can pay back from one extra customer.,Launch a usable AI Coding workflow faster.,Automate repeated tasks before scaling campaigns.,"Give teams a clearer, more repeatable AI Coding process."
notion-ai,Reduce manual work in AI Productivity workflows.,Avoid falling behind teams already using AI Productivity automation.,Save hours each week with a focused AI Productivity stack.,Start with Notion AI without a complex setup.,Test whether Notion AI can pay back from one extra customer.,Launch a usable AI Productivity workflow faster.,Automate repeated tasks before scaling campaigns.,"Give teams a clearer, more repeatable AI Productivity process."
framer,Reduce manual work in Website Builder workflows.,Avoid falling behind teams already using Website Builder automation.,Save hours each week with a focused Website Builder stack.,Start with Framer without a complex setup.,Test whether Framer can pay back from one extra customer.,Launch a usable Website Builder workflow faster.,Automate repeated tasks before scaling campaigns.,"Give teams a clearer, more repeatable Website Builder process."
durable,Reduce manual work in Website Builder workflows.,Avoid falling behind teams already using Website Builder automation.,Save hours each week with a focused Website Builder stack.,Start with Durable without a complex setup.,Test whether Durable can pay back from one extra customer.,Launch a usable Website Builder workflow faster.,Automate repeated tasks before scaling campaigns.,"Give teams a clearer, more repeatable Website Builder process."
gamma,Reduce manual work in AI Productivity workflows.,Avoid falling behind teams already using AI Productivity automation.,Save hours each week with a focused AI Productivity stack.,Start with Gamma without a complex setup.,Test whether Gamma can pay back from one extra customer.,Launch a usable AI Productivity workflow faster.,Automate repeated tasks before scaling campaigns.,"Give teams a clearer, more repeatable AI Productivity process."
adcreative-ai,Reduce manual work in Marketing workflows.,Avoid falling behind teams already using Marketing automation.,Save hours each week with a focused Marketing stack.,Start with AdCreative AI without a complex setup.,Test whether AdCreative AI can pay back from one extra customer.,Launch a usable Marketing workflow faster.,Automate repeated tasks before scaling campaigns.,"Give teams a clearer, more repeatable Marketing process."
jasper,Reduce manual work in AI Writing workflows.,Avoid falling behind teams already using AI Writing automation.,Save hours each week with a focused AI Writing stack.,Start with Jasper without a complex setup.,Test whether Jasper can pay back from one extra customer.,Launch a usable AI Writing workflow faster.,Automate repeated tasks before scaling campaigns.,"Give teams a clearer, more repeatable AI Writing process."
jasper-ai,Reduce manual work in AI Writing workflows.,Avoid falling behind teams already using AI Writing automation.,Save hours each week with a focused AI Writing stack.,Start with Jasper AI without a complex setup.,Test whether Jasper AI can pay back from one extra customer.,Launch a usable AI Writing workflow faster.,Automate repeated tasks before scaling campaigns.,"Give teams a clearer, more repeatable AI Writing process."
canva,Reduce manual work in AI Design workflows.,Avoid falling behind teams already using AI Design automation.,Save hours each week with a focused AI Design stack.,Start with Canva without a complex setup.,Test whether Canva can pay back from one extra customer.,Launch a usable AI Design workflow faster.,Automate repeated tasks before scaling campaigns.,"Give teams a clearer, more repeatable AI Design process."
notion,Reduce manual work in Productivity workflows.,Avoid falling behind teams already using Productivity automation.,Save hours each week with a focused Productivity stack.,Start with Notion without a complex setup.,Test whether Notion can pay back from one extra customer.,Launch a usable Productivity workflow faster.,Automate repeated tasks before scaling campaigns.,"Give teams a clearer, more repeatable Productivity process."
synthesia,Reduce manual work in AI Video workflows.,Avoid falling behind teams already using AI Video automation.,Save hours each week with a focused AI Video stack.,Start with Synthesia without a complex setup.,Test whether Synthesia can pay back from one extra customer.,Launch a usable AI Video workflow faster.,Automate repeated tasks before scaling campaigns.,"Give teams a clearer, more repeatable AI Video process."
pipedrive,Reduce manual work in CRM workflows.,Avoid falling behind teams already using CRM automation.,Save hours each week with a focused CRM stack.,Start with Pipedrive without a complex setup.,Test whether Pipedrive can pay back from one extra customer.,Launch a usable CRM workflow faster.,Automate repeated tasks before scaling campaigns.,"Give teams a clearer, more repeatable CRM process."
pipedrive-crm,Reduce manual work in CRM workflows.,Avoid falling behind teams already using CRM automation.,Save hours each week with a focused CRM stack.,Start with Pipedrive CRM without a complex setup.,Test whether Pipedrive CRM can pay back from one extra customer.,Launch a usable CRM workflow faster.,Automate repeated tasks before scaling campaigns.,"Give teams a clearer, more repeatable CRM process."
copy-ai,Reduce manual work in AI Writing workflows.,Avoid falling behind teams already using AI Writing automation.,Save hours each week with a focused AI Writing stack.,Start with Copy.ai without a complex setup.,Test whether Copy.ai can pay back from one extra customer.,Launch a usable AI Writing workflow faster.,Automate repeated tasks before scaling campaigns.,"Give teams a clearer, more repeatable AI Writing process."
descript,Reduce manual work in AI Video workflows.,Avoid falling behind teams already using AI Video automation.,Save hours each week with a focused AI Video stack.,Start with Descript without a complex setup.,Test whether Descript can pay back from one extra customer.,Launch a usable AI Video workflow faster.,Automate repeated tasks before scaling campaigns.,"Give teams a clearer, more repeatable AI Video process."
runway,Reduce manual work in AI Video workflows.,Avoid falling behind teams already using AI Video automation.,Save hours each week with a focused AI Video stack.,Start with Runway without a complex setup.,Test whether Runway can pay back from one extra customer.,Launch a usable AI Video workflow faster.,Automate repeated tasks before scaling campaigns.,"Give teams a clearer, more repeatable AI Video process."
