slug,topic,category,publish_date,traffic,clicks,affiliate_clicks,revenue,ctr,ranking,rpm,recommendation
12-best-ai-for-coding-tools-in-2026-vibecoding-data-science,12 Best AI for Coding Tools in 2026 (Vibecoding & Data Science),AI Coding,,0.0,0.0,0.0,0.0,,,0,Monitor or avoid similar topics
a-language-model-that-runs-on-5-chip,A language model that runs on 5$ chip,AI/SaaS,,0.0,0.0,0.0,0.0,,,0,Monitor or avoid similar topics
activecampaign,Activecampaign,Email/CRM,,0.0,0.0,0.0,0.0,,,0,Monitor or avoid similar topics
adcreative-ai,Adcreative Ai,AI/SaaS,,0.0,0.0,0.0,0.0,,,0,Monitor or avoid similar topics
affordable-ai-app-builder-platform,Affordable Ai App Builder Platform,AI/SaaS,,0.0,0.0,0.0,0.0,,,0,Monitor or avoid similar topics
affordable-ai-assistant-platform,Affordable Ai Assistant Platform,AI/SaaS,,0.0,0.0,0.0,0.0,,,0,Monitor or avoid similar topics
affordable-ai-design-platform,affordable ai design platform,AI/SaaS,,0.0,0.0,0.0,0.0,,,0,Monitor or avoid similar topics
affordable-ai-image-platform,affordable ai image platform,AI/SaaS,,0.0,0.0,0.0,0.0,,,0,Monitor or avoid similar topics
affordable-ai-meeting-platform,affordable ai meeting platform,AI/SaaS,,0.0,0.0,0.0,0.0,,,0,Monitor or avoid similar topics
affordable-ai-search-platform,affordable ai search platform,AI/SaaS,,0.0,0.0,0.0,0.0,,,0,Monitor or avoid similar topics
affordable-ai-video-platform,Affordable Ai Video Platform,Video AI,,0.0,0.0,0.0,0.0,,,0,Monitor or avoid similar topics
affordable-ai-voice-platform,affordable ai voice platform,AI/SaaS,,0.0,0.0,0.0,0.0,,,0,Monitor or avoid similar topics
affordable-ai-writing-platform,Affordable Ai Writing Platform,AI/SaaS,,0.0,0.0,0.0,0.0,,,0,Monitor or avoid similar topics
affordable-automation-platform,Affordable Automation Platform,AI/SaaS,,0.0,0.0,0.0,0.0,,,0,Monitor or avoid similar topics
agency-agents-review-2026,agency-agents Review 2026,AI/SaaS,,0.0,0.0,0.0,0.0,,,0,Monitor or avoid similar topics
agent-mode-by-receiptor-ai,Agent Mode by Receiptor AI,AI/SaaS,,0.0,0.0,0.0,0.0,,,0,Monitor or avoid similar topics
agent-reach-review-2026,Agent Reach Review 2026,AI/SaaS,,0.0,0.0,0.0,0.0,,,0,Monitor or avoid similar topics
ahrefs-ai,Ahrefs Ai,SEO,,0.0,0.0,0.0,0.0,,,0,Monitor or avoid similar topics
ai-assistant-software-comparison,Ai Assistant Software Comparison,AI/SaaS,,0.0,0.0,0.0,0.0,,,0,Monitor or avoid similar topics
ai-berkshire-review-2026,ai-berkshire Review 2026,AI/SaaS,,0.0,0.0,0.0,0.0,,,0,Monitor or avoid similar topics
ai-coding-software-comparison,Ai Coding Software Comparison,AI Coding,,0.0,0.0,0.0,0.0,,,0,Monitor or avoid similar topics
ai-coding-tokens-could-soon-cost-as-much-as-salaries,AI coding tokens could soon cost as much as salaries,AI Coding,,0.0,0.0,0.0,0.0,,,0,Monitor or avoid similar topics
ai-companies-will-become-profitable-eventually-here-s-why,AI Companies Will Become Profitable Eventually. Here's why.,AI/SaaS,,0.0,0.0,0.0,0.0,,,0,Monitor or avoid similar topics
ai-design-software-comparison,Ai Design Software Comparison,AI/SaaS,,0.0,0.0,0.0,0.0,,,0,Monitor or avoid similar topics
ai-design-software-review,Ai Design Software Review,AI/SaaS,,0.0,0.0,0.0,0.0,,,0,Monitor or avoid similar topics
ai-engineering-from-scratch-review-2026,Ai Engineering From Scratch Review 2026,AI/SaaS,,0.0,0.0,0.0,0.0,,,0,Monitor or avoid similar topics
ai-image-software-comparison,Ai Image Software Comparison,AI/SaaS,,0.0,0.0,0.0,0.0,,,0,Monitor or avoid similar topics
ai-is-automating-marketing-execution-but-raising-the-value-of-judgment,AI Is Automating Marketing Execution But Raising The Value Of Judgment,AI/SaaS,,0.0,0.0,0.0,0.0,,,0,Monitor or avoid similar topics
ai-meeting-software-comparison,Ai Meeting Software Comparison,AI/SaaS,,0.0,0.0,0.0,0.0,,,0,Monitor or avoid similar topics
ai-powered-vibe-coding-is-gaining-ground-in-nepal,AI-powered vibe coding is gaining ground in Nepal,AI Coding,,0.0,0.0,0.0,0.0,,,0,Monitor or avoid similar topics
ai-productivity-software-comparison,Ai Productivity Software Comparison,AI/SaaS,,0.0,0.0,0.0,0.0,,,0,Monitor or avoid similar topics
ai-seo-software-comparison,Ai Seo Software Comparison,SEO,,0.0,0.0,0.0,0.0,,,0,Monitor or avoid similar topics
ai-shakes-saas-as-markets-plunge-and-korea-races-to-reinvent-software,AI shakes SaaS as markets plunge and Korea races to reinvent software,AI/SaaS,,0.0,0.0,0.0,0.0,,,0,Monitor or avoid similar topics
ai-slide-editor-by-cubeone,AI Slide Editor by CubeOne,AI/SaaS,,0.0,0.0,0.0,0.0,,,0,Monitor or avoid similar topics
ai-tools-in-2026-what-each-platform-does-best-in-real-world-workflows,Ai Tools In 2026 What Each Platform Does Best In Real World Workflows,AI/SaaS,,0.0,0.0,0.0,0.0,,,0,Monitor or avoid similar topics
ai-video-software-review,Ai Video Software Review,Video AI,,0.0,0.0,0.0,0.0,,,0,Monitor or avoid similar topics
ai-writing-software-review,Ai Writing Software Review,AI/SaaS,,0.0,0.0,0.0,0.0,,,0,Monitor or avoid similar topics
aisuite-review-2026,Aisuite Review 2026,AI/SaaS,,0.0,0.0,0.0,0.0,,,0,Monitor or avoid similar topics
asian-ai-startups-launch-mythos-like-models-as-anthropic-s-export-ban-drags-on,Asian AI startups launch Mythos-like models as Anthropic's export ban drags on,AI/SaaS,,0.0,0.0,0.0,0.0,,,0,Monitor or avoid similar topics
automation-software-comparison,Automation Software Comparison,AI/SaaS,,0.0,0.0,0.0,0.0,,,0,Monitor or avoid similar topics
best-affiliate-marketing-software-saas,Best Affiliate Marketing Software Saas,AI/SaaS,,0.0,0.0,0.0,0.0,,,0,Monitor or avoid similar topics
best-ai-assistant-software,Best Ai Assistant Software,AI/SaaS,,0.0,0.0,0.0,0.0,,,0,Monitor or avoid similar topics
best-ai-assistant-tools,Best Ai Assistant Tools,AI/SaaS,,0.0,0.0,0.0,0.0,,,0,Monitor or avoid similar topics
best-ai-image-software,best ai image software,AI/SaaS,,0.0,0.0,0.0,0.0,,,0,Monitor or avoid similar topics
best-ai-image-tools,best ai image tools,AI/SaaS,,0.0,0.0,0.0,0.0,,,0,Monitor or avoid similar topics
best-ai-meeting-software,best ai meeting software,AI/SaaS,,0.0,0.0,0.0,0.0,,,0,Monitor or avoid similar topics
best-ai-meeting-tools,best ai meeting tools,AI/SaaS,,0.0,0.0,0.0,0.0,,,0,Monitor or avoid similar topics
best-ai-productivity-software,best ai productivity software,AI/SaaS,,0.0,0.0,0.0,0.0,,,0,Monitor or avoid similar topics
best-ai-search-software,best ai search software,AI/SaaS,,0.0,0.0,0.0,0.0,,,0,Monitor or avoid similar topics
best-ai-seo-tools-2026,Best Ai Seo Tools 2026,SEO,,0.0,0.0,0.0,0.0,,,0,Monitor or avoid similar topics
best-ai-voice-software,best ai voice software,AI/SaaS,,0.0,0.0,0.0,0.0,,,0,Monitor or avoid similar topics
best-ai-website-builders-compared,Best Ai Website Builders Compared,Website Builder,,0.0,0.0,0.0,0.0,,,0,Monitor or avoid similar topics
best-automation-software,Best Automation Software,AI/SaaS,,0.0,0.0,0.0,0.0,,,0,Monitor or avoid similar topics
best-productivity-software,best productivity software,AI/SaaS,,0.0,0.0,0.0,0.0,,,0,Monitor or avoid similar topics
best-productivity-tools,best productivity tools,AI/SaaS,,0.0,0.0,0.0,0.0,,,0,Monitor or avoid similar topics
best-website-builder-2026,Best Website Builder 2026,Website Builder,,0.0,0.0,0.0,0.0,,,0,Monitor or avoid similar topics
bettercloud-unveils-ai-native-next-generation-saas-management-platform-to-help-enterprises-govern-ai-at-scale,BetterCloud Unveils AI-Native Next Generation SaaS Management Platform to Help Enterprises Govern AI at Scale,AI/SaaS,,0.0,0.0,0.0,0.0,,,0,Monitor or avoid similar topics
bolt,Bolt,AI/SaaS,,0.0,0.0,0.0,0.0,,,0,Monitor or avoid similar topics
canva,Canva,AI/SaaS,,0.0,0.0,0.0,0.0,,,0,Monitor or avoid similar topics
category-ai-coding-tools,Category Ai Coding Tools,AI Coding,,0.0,0.0,0.0,0.0,,,0,Monitor or avoid similar topics
category-automation-tools,Category Automation Tools,AI/SaaS,,0.0,0.0,0.0,0.0,,,0,Monitor or avoid similar topics
category-design-tools,Category Design Tools,AI/SaaS,,0.0,0.0,0.0,0.0,,,0,Monitor or avoid similar topics
category-email-marketing-tools,Category Email Marketing Tools,Email/CRM,,0.0,0.0,0.0,0.0,,,0,Monitor or avoid similar topics
category-seo-tools,Category Seo Tools,SEO,,0.0,0.0,0.0,0.0,,,0,Monitor or avoid similar topics
category-video-tools,Category Video Tools,Video AI,,0.0,0.0,0.0,0.0,,,0,Monitor or avoid similar topics
category-website-builder-tools,Category Website Builder Tools,Website Builder,,0.0,0.0,0.0,0.0,,,0,Monitor or avoid similar topics
category-writing-tools,Category Writing Tools,AI/SaaS,,0.0,0.0,0.0,0.0,,,0,Monitor or avoid similar topics
chatgpt,Chatgpt,AI/SaaS,,0.0,0.0,0.0,0.0,,,0,Monitor or avoid similar topics
claude,Claude,AI/SaaS,,0.0,0.0,0.0,0.0,,,0,Monitor or avoid similar topics
cmo-vision-ai-is-rewiring-how-marketing-is-understood-shaped-and-scaled,"CMO Vision: AI Is Rewiring How Marketing Is Understood, Shaped And Scaled",AI/SaaS,,0.0,0.0,0.0,0.0,,,0,Monitor or avoid similar topics
compare-activecampaign-vs-mailchimp,Compare Activecampaign Vs Mailchimp,Email/CRM,,0.0,0.0,0.0,0.0,,,0,Monitor or avoid similar topics
compare-canva-vs-adcreative-ai,Compare Canva Vs Adcreative Ai,AI/SaaS,,0.0,0.0,0.0,0.0,,,0,Monitor or avoid similar topics
compare-chatgpt-vs-claude,Compare Chatgpt Vs Claude,AI/SaaS,,0.0,0.0,0.0,0.0,,,0,Monitor or avoid similar topics
compare-cursor-vs-github-copilot,Compare Cursor Vs Github Copilot,AI Coding,,0.0,0.0,0.0,0.0,,,0,Monitor or avoid similar topics
compare-cursor-vs-github-copilot-2026,Compare Cursor Vs Github Copilot 2026,AI Coding,,0.0,0.0,0.0,0.0,,,0,Monitor or avoid similar topics
compare-cursor-vs-windsurf,Compare Cursor Vs Windsurf,AI Coding,,0.0,0.0,0.0,0.0,,,0,Monitor or avoid similar topics
compare-github-copilot-vs-codeium,Compare Github Copilot Vs Codeium,AI Coding,,0.0,0.0,0.0,0.0,,,0,Monitor or avoid similar topics
compare-grammarly-vs-quillbot,Compare Grammarly Vs Quillbot,AI/SaaS,,0.0,0.0,0.0,0.0,,,0,Monitor or avoid similar topics
compare-jasper-vs-copy-ai,Compare Jasper Vs Copy Ai,AI/SaaS,,0.0,0.0,0.0,0.0,,,0,Monitor or avoid similar topics
compare-make-vs-zapier,Compare Make Vs Zapier,AI/SaaS,,0.0,0.0,0.0,0.0,,,0,Monitor or avoid similar topics
compare-semrush-vs-ahrefs,Compare Semrush Vs Ahrefs,SEO,,0.0,0.0,0.0,0.0,,,0,Monitor or avoid similar topics
compare-surfer-seo-vs-frase,Compare Surfer Seo Vs Frase,SEO,,0.0,0.0,0.0,0.0,,,0,Monitor or avoid similar topics
compare-synthesia-vs-pictory,Compare Synthesia Vs Pictory,AI/SaaS,,0.0,0.0,0.0,0.0,,,0,Monitor or avoid similar topics
copy-ai,Copy Ai,AI/SaaS,,0.0,0.0,0.0,0.0,,,0,Monitor or avoid similar topics
council-of-high-intelligence-review-2026,council-of-high-intelligence Review 2026,AI/SaaS,,0.0,0.0,0.0,0.0,,,0,Monitor or avoid similar topics
cua-review-2026,Cua Review 2026,AI/SaaS,,0.0,0.0,0.0,0.0,,,0,Monitor or avoid similar topics
cupy-review-2026,cupy Review 2026,AI/SaaS,,0.0,0.0,0.0,0.0,,,0,Monitor or avoid similar topics
cursor,Cursor,AI Coding,,0.0,0.0,0.0,0.0,,,0,Monitor or avoid similar topics
descript,Descript,AI/SaaS,,0.0,0.0,0.0,0.0,,,0,Monitor or avoid similar topics
discode-ai,discode.ai,AI/SaaS,,0.0,0.0,0.0,0.0,,,0,Monitor or avoid similar topics
durable,Durable,AI/SaaS,,0.0,0.0,0.0,0.0,,,0,Monitor or avoid similar topics
elevenlabs,Elevenlabs,AI/SaaS,,0.0,0.0,0.0,0.0,,,0,Monitor or avoid similar topics
filum-ai,Filum.ai,AI/SaaS,,0.0,0.0,0.0,0.0,,,0,Monitor or avoid similar topics
folio-ai,Folio AI,AI/SaaS,,0.0,0.0,0.0,0.0,,,0,Monitor or avoid similar topics
ford-rehires-veteran-engineers-after-ai-fails-to-meet-quality-standards,Ford rehires veteran engineers after AI fails to meet quality standards,AI/SaaS,,0.0,0.0,0.0,0.0,,,0,Monitor or avoid similar topics
framer,Framer,Website Builder,,0.0,0.0,0.0,0.0,,,0,Monitor or avoid similar topics
frase,Frase,AI/SaaS,,0.0,0.0,0.0,0.0,,,0,Monitor or avoid similar topics
free-for-dev-review-2026,free-for-dev Review 2026,AI/SaaS,,0.0,0.0,0.0,0.0,,,0,Monitor or avoid similar topics
gamma,Gamma,AI/SaaS,,0.0,0.0,0.0,0.0,,,0,Monitor or avoid similar topics
gemini,Gemini,AI/SaaS,,0.0,0.0,0.0,0.0,,,0,Monitor or avoid similar topics
github-copilot,Github Copilot,AI Coding,,0.0,0.0,0.0,0.0,,,0,Monitor or avoid similar topics
gradial-lands-65m-series-c-for-agentic-marketing-platform,Gradial Lands $65M Series C for Agentic Marketing Platform,AI/SaaS,,0.0,0.0,0.0,0.0,,,0,Monitor or avoid similar topics
has-ai-changed-the-way-you-think-not-just-the-way-you-work,"Has AI changed the way you think, not just the way you work?",AI/SaaS,,0.0,0.0,0.0,0.0,,,0,Monitor or avoid similar topics
hey-siri-meet-ai,"Hey Siri, meet AI",AI/SaaS,,0.0,0.0,0.0,0.0,,,0,Monitor or avoid similar topics
hidden-ai-infrastructure-companies-2026,Hidden Ai Infrastructure Companies 2026,AI/SaaS,,0.0,0.0,0.0,0.0,,,0,Monitor or avoid similar topics
hilltopads-review-2026,Hilltopads Review 2026,AI/SaaS,,0.0,0.0,0.0,0.0,,,0,Monitor or avoid similar topics
how-ai-is-upending-saas-tools,How AI is upending SaaS tools,AI/SaaS,,0.0,0.0,0.0,0.0,,,0,Monitor or avoid similar topics
hubspot,Hubspot,Email/CRM,,0.0,0.0,0.0,0.0,,,0,Monitor or avoid similar topics
i-built-a-benchmark-for-multi-turn-prompt-injection-attacks-most-defenses-never-see-them-coming,I built a benchmark for multi-turn prompt injection attacks. Most defenses never see them coming.,AI/SaaS,,0.0,0.0,0.0,0.0,,,0,Monitor or avoid similar topics
i-signed-up-for-another-saas,I signed up for another SaaS,AI/SaaS,,0.0,0.0,0.0,0.0,,,0,Monitor or avoid similar topics
imagekit-launches-creative-automation-with-ai-assist-to-help-teams-generate-on-brand-visuals-at-scale,ImageKit Launches Creative Automation with AI Assist to Help Teams Generate On-Brand Visuals at Scale,AI/SaaS,,0.0,0.0,0.0,0.0,,,0,Monitor or avoid similar topics
impartner-redefines-partner-marketing-automation-with-full-automation-adtech-and-ai-to-drive-measurable-revenue,"Impartner Redefines Partner Marketing Automation with Full Automation, AdTech and AI to Drive Measurable Revenue",AI/SaaS,,0.0,0.0,0.0,0.0,,,0,Monitor or avoid similar topics
import-ai-445-timing-superintelligence-ais-solve-frontier-math-proofs-a-new-ml-research-benchmark,Import AI 445: Timing superintelligence; AIs solve frontier math proofs; a new ML research benchmark,AI/SaaS,,0.0,0.0,0.0,0.0,,,0,Monitor or avoid similar topics
import-ai-446-nuclear-llms-china-s-big-ai-benchmark-measurement-and-ai-policy,Import AI 446: Nuclear LLMs; China's big AI benchmark; measurement and AI policy,AI/SaaS,,0.0,0.0,0.0,0.0,,,0,Monitor or avoid similar topics
import-ai-447-the-agi-economy-testing-ais-with-generated-games-and-agent-ecologies,Import AI 447: The AGI economy; testing AIs with generated games; and agent ecologies,AI/SaaS,,0.0,0.0,0.0,0.0,,,0,Monitor or avoid similar topics
import-ai-450-china-s-electronic-warfare-model-traumatized-llms-and-a-scaling-law-for-cyberattacks,Import AI 450: China's electronic warfare model; traumatized LLMs; and a scaling law for cyberattacks,AI/SaaS,,0.0,0.0,0.0,0.0,,,0,Monitor or avoid similar topics
import-ai-451-political-superintelligence-google-s-society-of-minds-and-a-robot-drummer,"Import AI 451: Political superintelligence; Google's society of minds, and a robot drummer",AI/SaaS,,0.0,0.0,0.0,0.0,,,0,Monitor or avoid similar topics
import-ai-454-automating-alignment-research-safety-study-of-a-chinese-model-hifloat4,Import AI 454: Automating alignment research; safety study of a Chinese model; HiFloat4,AI/SaaS,,0.0,0.0,0.0,0.0,,,0,Monitor or avoid similar topics
import-ai-456-rsi-and-economic-growth-radical-optionality-for-ai-regulation-and-a-neural-computer,Import AI 456: RSI and economic growth; radical optionality for AI regulation; and a neural computer,AI/SaaS,,0.0,0.0,0.0,0.0,,,0,Monitor or avoid similar topics
import-ai-457-ai-stuxnet-cursed-muon-optimizer-and-positive-alignment,Import AI 457: AI stuxnet; cursed Muon optimizer; and positive alignment,AI/SaaS,,0.0,0.0,0.0,0.0,,,0,Monitor or avoid similar topics
import-ai-458-reckoning-with-the-future-and-a-singularity-story,Import AI 458: Reckoning with the future; and a singularity story,AI/SaaS,,0.0,0.0,0.0,0.0,,,0,Monitor or avoid similar topics
import-ai-460-reward-hacking-society-rsi-data-from-anthropic-and-rl-based-quadcopter-racing,"Import AI 460: Reward hacking society, RSI data from Anthropic; and RL-based quadcopter racing",AI/SaaS,,0.0,0.0,0.0,0.0,,,0,Monitor or avoid similar topics
import-ai-461-alignment-is-not-on-track-frontiercode-and-synthetic-research-interns,"Import AI 461: ""Alignment is not on track""; FrontierCode; and synthetic research interns",AI/SaaS,,0.0,0.0,0.0,0.0,,,0,Monitor or avoid similar topics
import-ai-462-superpersuasion-self-sustaining-ai-paths-to-asi,Import AI 462: Superpersuasion; self-sustaining AI; paths to ASI,AI/SaaS,,0.0,0.0,0.0,0.0,,,0,Monitor or avoid similar topics
import-ai-463-self-improving-robots-a-10k-chinese-gpu-cluster-and-an-elegiac-essay-for-the-human-era,Import AI 463: Self-improving robots; a 10k Chinese GPU cluster; and an elegiac essay for the human era,AI/SaaS,,0.0,0.0,0.0,0.0,,,0,Monitor or avoid similar topics
importai-449-llms-training-other-llms-72b-distributed-training-run-computer-vision-is-harder-than-generative-text,ImportAI 449: LLMs training other LLMs; 72B distributed training run; computer vision is harder than generative text,AI/SaaS,,0.0,0.0,0.0,0.0,,,0,Monitor or avoid similar topics
is-saas-dead,Is SaaS dead?,AI/SaaS,,0.0,0.0,0.0,0.0,,,0,Monitor or avoid similar topics
jasper,Jasper,AI/SaaS,,0.0,0.0,0.0,0.0,,,0,Monitor or avoid similar topics
jasper-ai,Jasper Ai,AI/SaaS,,0.0,0.0,0.0,0.0,,,0,Monitor or avoid similar topics
kilocode-review-2026,Kilocode Review 2026,AI/SaaS,,0.0,0.0,0.0,0.0,,,0,Monitor or avoid similar topics
logto-review-2026,logto Review 2026,AI/SaaS,,0.0,0.0,0.0,0.0,,,0,Monitor or avoid similar topics
lovable,Lovable,AI/SaaS,,0.0,0.0,0.0,0.0,,,0,Monitor or avoid similar topics
make,Make,AI/SaaS,,0.0,0.0,0.0,0.0,,,0,Monitor or avoid similar topics
midjourney,Midjourney,AI/SaaS,,0.0,0.0,0.0,0.0,,,0,Monitor or avoid similar topics
monetag-review-2026,Monetag Review 2026,AI/SaaS,,0.0,0.0,0.0,0.0,,,0,Monitor or avoid similar topics
most-ai-models-would-run-your-company-into-the-ground-princeton-s-ceo-bench-finds,"Most AI Models Would Run Your Company Into the Ground, Princeton’s CEO-Bench Finds",AI/SaaS,,0.0,0.0,0.0,0.0,,,0,Monitor or avoid similar topics
my-ai-predictions-two-years-later-the-ones-that-landed,"My AI Predictions, Two Years Later: The Ones That Landed",AI/SaaS,,0.0,0.0,0.0,0.0,,,0,Monitor or avoid similar topics
notion,Notion,AI/SaaS,,0.0,0.0,0.0,0.0,,,0,Monitor or avoid similar topics
notion-ai,Notion Ai,AI/SaaS,,0.0,0.0,0.0,0.0,,,0,Monitor or avoid similar topics
open-ai-delayed-gpt-5-6-after-a-u-s-government-review-request-is-ai-regulation-becoming-the-new-normal,Open AI delayed GPT-5.6 after a U.S. government review request. Is AI regulation becoming the new normal?,AI/SaaS,,0.0,0.0,0.0,0.0,,,0,Monitor or avoid similar topics
ornith-1-0-self-improving-open-source-models-for-agentic-coding,Ornith-1.0: self-improving open-source models for agentic coding,AI Coding,,0.0,0.0,0.0,0.0,,,0,Monitor or avoid similar topics
ornith-1-0-self-scaffolding-llms-for-agentic-coding,Ornith-1.0: Self-scaffolding LLMs for agentic coding,AI Coding,,0.0,0.0,0.0,0.0,,,0,Monitor or avoid similar topics
oxlo-ai,Oxlo.ai,AI/SaaS,,0.0,0.0,0.0,0.0,,,0,Monitor or avoid similar topics
palantir-and-nvidia-expand-sovereign-ai-partnership-for-us-government,Palantir and Nvidia Expand Sovereign AI Partnership for US Government,AI/SaaS,,0.0,0.0,0.0,0.0,,,0,Monitor or avoid similar topics
payu-brings-ai-coding-and-cli-tools-to-payment-developers,PayU Brings AI Coding And CLI Tools To Payment Developers,AI Coding,,0.0,0.0,0.0,0.0,,,0,Monitor or avoid similar topics
perplexity,Perplexity,AI/SaaS,,0.0,0.0,0.0,0.0,,,0,Monitor or avoid similar topics
pipedrive,Pipedrive,AI/SaaS,,0.0,0.0,0.0,0.0,,,0,Monitor or avoid similar topics
pipedrive-crm,Pipedrive Crm,AI/SaaS,,0.0,0.0,0.0,0.0,,,0,Monitor or avoid similar topics
pricing-activecampaign,Pricing Activecampaign,Email/CRM,,0.0,0.0,0.0,0.0,,,0,Monitor or avoid similar topics
pricing-canva,Pricing Canva,AI/SaaS,,0.0,0.0,0.0,0.0,,,0,Monitor or avoid similar topics
pricing-cursor,Pricing Cursor,AI Coding,,0.0,0.0,0.0,0.0,,,0,Monitor or avoid similar topics
pricing-github-copilot,Pricing Github Copilot,AI Coding,,0.0,0.0,0.0,0.0,,,0,Monitor or avoid similar topics
pricing-grammarly,Pricing Grammarly,AI/SaaS,,0.0,0.0,0.0,0.0,,,0,Monitor or avoid similar topics
pricing-mailchimp,Pricing Mailchimp,AI/SaaS,,0.0,0.0,0.0,0.0,,,0,Monitor or avoid similar topics
pricing-make,Pricing Make,AI/SaaS,,0.0,0.0,0.0,0.0,,,0,Monitor or avoid similar topics
pricing-pictory,Pricing Pictory,AI/SaaS,,0.0,0.0,0.0,0.0,,,0,Monitor or avoid similar topics
pricing-semrush,Pricing Semrush,SEO,,0.0,0.0,0.0,0.0,,,0,Monitor or avoid similar topics
pricing-surfer-seo,Pricing Surfer Seo,SEO,,0.0,0.0,0.0,0.0,,,0,Monitor or avoid similar topics
pricing-zapier,Pricing Zapier,AI/SaaS,,0.0,0.0,0.0,0.0,,,0,Monitor or avoid similar topics
productivity-software-comparison,Productivity Software Comparison,AI/SaaS,,0.0,0.0,0.0,0.0,,,0,Monitor or avoid similar topics
reclaim-ai,Reclaim Ai,AI/SaaS,,0.0,0.0,0.0,0.0,,,0,Monitor or avoid similar topics
reco-launches-industry-first-ai-agent-security-to-tackle-agent-sprawl-across-saas,Reco Launches Industry-First AI Agent Security to Tackle Agent Sprawl Across SaaS,AI/SaaS,,0.0,0.0,0.0,0.0,,,0,Monitor or avoid similar topics
replit,Replit,AI/SaaS,,0.0,0.0,0.0,0.0,,,0,Monitor or avoid similar topics
review-activecampaign,Review Activecampaign,Email/CRM,,0.0,0.0,0.0,0.0,,,0,Monitor or avoid similar topics
review-adcreative-ai,Review Adcreative Ai,AI/SaaS,,0.0,0.0,0.0,0.0,,,0,Monitor or avoid similar topics
review-adcreative-ai-review-2026,Review Adcreative Ai Review 2026,AI/SaaS,,0.0,0.0,0.0,0.0,,,0,Monitor or avoid similar topics
review-ahrefs-ai,Review Ahrefs Ai,SEO,,0.0,0.0,0.0,0.0,,,0,Monitor or avoid similar topics
review-aweber-review-2026,Review Aweber Review 2026,AI/SaaS,,0.0,0.0,0.0,0.0,,,0,Monitor or avoid similar topics
review-beehiiv-review-2026,Review Beehiiv Review 2026,AI/SaaS,,0.0,0.0,0.0,0.0,,,0,Monitor or avoid similar topics
review-bolt,Review Bolt,AI/SaaS,,0.0,0.0,0.0,0.0,,,0,Monitor or avoid similar topics
review-bolt-ai-review-2026,Review Bolt Ai Review 2026,AI/SaaS,,0.0,0.0,0.0,0.0,,,0,Monitor or avoid similar topics
review-brevo-review-2026,Review Brevo Review 2026,AI/SaaS,,0.0,0.0,0.0,0.0,,,0,Monitor or avoid similar topics
review-bunny-net-review-2026,Review Bunny Net Review 2026,AI/SaaS,,0.0,0.0,0.0,0.0,,,0,Monitor or avoid similar topics
review-canva,Review Canva,AI/SaaS,,0.0,0.0,0.0,0.0,,,0,Monitor or avoid similar topics
review-chatgpt,Review Chatgpt,AI/SaaS,,0.0,0.0,0.0,0.0,,,0,Monitor or avoid similar topics
review-claude,Review Claude,AI/SaaS,,0.0,0.0,0.0,0.0,,,0,Monitor or avoid similar topics
review-clickfunnels-review-2026,Review Clickfunnels Review 2026,AI/SaaS,,0.0,0.0,0.0,0.0,,,0,Monitor or avoid similar topics
review-constant-contact-review-2026,Review Constant Contact Review 2026,AI/SaaS,,0.0,0.0,0.0,0.0,,,0,Monitor or avoid similar topics
review-convertkit-review-2026,Review Convertkit Review 2026,AI/SaaS,,0.0,0.0,0.0,0.0,,,0,Monitor or avoid similar topics
review-copy-ai,Review Copy Ai,AI/SaaS,,0.0,0.0,0.0,0.0,,,0,Monitor or avoid similar topics
review-cursor,Review Cursor,AI Coding,,0.0,0.0,0.0,0.0,,,0,Monitor or avoid similar topics
review-descript,Review Descript,AI/SaaS,,0.0,0.0,0.0,0.0,,,0,Monitor or avoid similar topics
review-durable,Review Durable,AI/SaaS,,0.0,0.0,0.0,0.0,,,0,Monitor or avoid similar topics
review-durable-ai-review-2026,Review Durable Ai Review 2026,AI/SaaS,,0.0,0.0,0.0,0.0,,,0,Monitor or avoid similar topics
review-elevenlabs,Review Elevenlabs,AI/SaaS,,0.0,0.0,0.0,0.0,,,0,Monitor or avoid similar topics
review-fathom-analytics-review-2026,Review Fathom Analytics Review 2026,AI/SaaS,,0.0,0.0,0.0,0.0,,,0,Monitor or avoid similar topics
review-framer,Review Framer,Website Builder,,0.0,0.0,0.0,0.0,,,0,Monitor or avoid similar topics
review-frase,Review Frase,AI/SaaS,,0.0,0.0,0.0,0.0,,,0,Monitor or avoid similar topics
review-gamma,Review Gamma,AI/SaaS,,0.0,0.0,0.0,0.0,,,0,Monitor or avoid similar topics
review-gemini,Review Gemini,AI/SaaS,,0.0,0.0,0.0,0.0,,,0,Monitor or avoid similar topics
review-getresponse-review-2026,Review Getresponse Review 2026,AI/SaaS,,0.0,0.0,0.0,0.0,,,0,Monitor or avoid similar topics
review-github-copilot,Review Github Copilot,AI Coding,,0.0,0.0,0.0,0.0,,,0,Monitor or avoid similar topics
review-grammarly-review-2026,Review Grammarly Review 2026,AI/SaaS,,0.0,0.0,0.0,0.0,,,0,Monitor or avoid similar topics
review-hostinger-website-builder-review-2026,Review Hostinger Website Builder Review 2026,Website Builder,,0.0,0.0,0.0,0.0,,,0,Monitor or avoid similar topics
review-hubspot,Review Hubspot,Email/CRM,,0.0,0.0,0.0,0.0,,,0,Monitor or avoid similar topics
review-hubspot-review-2026,Review Hubspot Review 2026,Email/CRM,,0.0,0.0,0.0,0.0,,,0,Monitor or avoid similar topics
review-jasper,Review Jasper,AI/SaaS,,0.0,0.0,0.0,0.0,,,0,Monitor or avoid similar topics
review-jasper-ai,Review Jasper Ai,AI/SaaS,,0.0,0.0,0.0,0.0,,,0,Monitor or avoid similar topics
review-jasper-ai-review-2026,Review Jasper Ai Review 2026,AI/SaaS,,0.0,0.0,0.0,0.0,,,0,Monitor or avoid similar topics
review-keysearch-review-2026,Review Keysearch Review 2026,AI/SaaS,,0.0,0.0,0.0,0.0,,,0,Monitor or avoid similar topics
review-leadpages-review-2026,Review Leadpages Review 2026,AI/SaaS,,0.0,0.0,0.0,0.0,,,0,Monitor or avoid similar topics
review-link-whisper-review-2026,Review Link Whisper Review 2026,AI/SaaS,,0.0,0.0,0.0,0.0,,,0,Monitor or avoid similar topics
review-lovable,Review Lovable,AI/SaaS,,0.0,0.0,0.0,0.0,,,0,Monitor or avoid similar topics
review-lowfruits-review-2026,Review Lowfruits Review 2026,AI/SaaS,,0.0,0.0,0.0,0.0,,,0,Monitor or avoid similar topics
review-mailerlite-review-2026,Review Mailerlite Review 2026,AI/SaaS,,0.0,0.0,0.0,0.0,,,0,Monitor or avoid similar topics
review-make,Review Make,AI/SaaS,,0.0,0.0,0.0,0.0,,,0,Monitor or avoid similar topics
review-mangools-review-2026,Review Mangools Review 2026,AI/SaaS,,0.0,0.0,0.0,0.0,,,0,Monitor or avoid similar topics
review-midjourney,Review Midjourney,AI/SaaS,,0.0,0.0,0.0,0.0,,,0,Monitor or avoid similar topics
review-moz-review-2026,Review Moz Review 2026,AI/SaaS,,0.0,0.0,0.0,0.0,,,0,Monitor or avoid similar topics
review-neuronwriter-review-2026,Review Neuronwriter Review 2026,AI/SaaS,,0.0,0.0,0.0,0.0,,,0,Monitor or avoid similar topics
review-notion,Review Notion,AI/SaaS,,0.0,0.0,0.0,0.0,,,0,Monitor or avoid similar topics
review-notion-ai,Review Notion Ai,AI/SaaS,,0.0,0.0,0.0,0.0,,,0,Monitor or avoid similar topics
review-perplexity,Review Perplexity,AI/SaaS,,0.0,0.0,0.0,0.0,,,0,Monitor or avoid similar topics
review-pipedrive,Review Pipedrive,AI/SaaS,,0.0,0.0,0.0,0.0,,,0,Monitor or avoid similar topics
review-pipedrive-crm,Review Pipedrive Crm,AI/SaaS,,0.0,0.0,0.0,0.0,,,0,Monitor or avoid similar topics
review-plausible-analytics-review-2026,Review Plausible Analytics Review 2026,AI/SaaS,,0.0,0.0,0.0,0.0,,,0,Monitor or avoid similar topics
review-reclaim-ai,Review Reclaim Ai,AI/SaaS,,0.0,0.0,0.0,0.0,,,0,Monitor or avoid similar topics
review-replit,Review Replit,AI/SaaS,,0.0,0.0,0.0,0.0,,,0,Monitor or avoid similar topics
review-runway,Review Runway,AI/SaaS,,0.0,0.0,0.0,0.0,,,0,Monitor or avoid similar topics
review-se-ranking-review-2026,Review Se Ranking Review 2026,AI/SaaS,,0.0,0.0,0.0,0.0,,,0,Monitor or avoid similar topics
review-semrush,Review Semrush,SEO,,0.0,0.0,0.0,0.0,,,0,Monitor or avoid similar topics
review-semrush-ai,Review Semrush Ai,SEO,,0.0,0.0,0.0,0.0,,,0,Monitor or avoid similar topics
review-semrush-vs-ahrefs-2026,Review Semrush Vs Ahrefs 2026,SEO,,0.0,0.0,0.0,0.0,,,0,Monitor or avoid similar topics
review-senja-review-2026,Review Senja Review 2026,AI/SaaS,,0.0,0.0,0.0,0.0,,,0,Monitor or avoid similar topics
review-serpstat-review-2026,Review Serpstat Review 2026,AI/SaaS,,0.0,0.0,0.0,0.0,,,0,Monitor or avoid similar topics
review-surfer-seo,Review Surfer Seo,SEO,,0.0,0.0,0.0,0.0,,,0,Monitor or avoid similar topics
review-surfer-seo-alternatives,Review Surfer Seo Alternatives,SEO,,0.0,0.0,0.0,0.0,,,0,Monitor or avoid similar topics
review-surfer-seo-review-2026,Review Surfer Seo Review 2026,SEO,,0.0,0.0,0.0,0.0,,,0,Monitor or avoid similar topics
review-synthesia,Review Synthesia,AI/SaaS,,0.0,0.0,0.0,0.0,,,0,Monitor or avoid similar topics
review-systeme-io-review-2026,Review Systeme Io Review 2026,AI/SaaS,,0.0,0.0,0.0,0.0,,,0,Monitor or avoid similar topics
review-tally-forms-review-2026,Review Tally Forms Review 2026,AI/SaaS,,0.0,0.0,0.0,0.0,,,0,Monitor or avoid similar topics
review-trackdesk-review-2026,Review Trackdesk Review 2026,AI/SaaS,,0.0,0.0,0.0,0.0,,,0,Monitor or avoid similar topics
review-ubersuggest-review-2026,Review Ubersuggest Review 2026,AI/SaaS,,0.0,0.0,0.0,0.0,,,0,Monitor or avoid similar topics
review-unbounce-review-2026,Review Unbounce Review 2026,AI/SaaS,,0.0,0.0,0.0,0.0,,,0,Monitor or avoid similar topics
review-webflow,Review Webflow,Website Builder,,0.0,0.0,0.0,0.0,,,0,Monitor or avoid similar topics
review-webflow-ai,Review Webflow Ai,Website Builder,,0.0,0.0,0.0,0.0,,,0,Monitor or avoid similar topics
review-windsurf,Review Windsurf,AI/SaaS,,0.0,0.0,0.0,0.0,,,0,Monitor or avoid similar topics
review-windsurf-review-2026,Review Windsurf Review 2026,AI/SaaS,,0.0,0.0,0.0,0.0,,,0,Monitor or avoid similar topics
review-wordtune-review-2026,Review Wordtune Review 2026,AI/SaaS,,0.0,0.0,0.0,0.0,,,0,Monitor or avoid similar topics
review-zapier,Review Zapier,AI/SaaS,,0.0,0.0,0.0,0.0,,,0,Monitor or avoid similar topics
review-zapier-alternatives,Review Zapier Alternatives,AI/SaaS,,0.0,0.0,0.0,0.0,,,0,Monitor or avoid similar topics
rnns-vs-transformers-vs-ssms-where-should-ai-memory-live-for-continual-learning,Rnns Vs Transformers Vs Ssms Where Should Ai Memory Live For Continual Learning,AI/SaaS,,0.0,0.0,0.0,0.0,,,0,Monitor or avoid similar topics
runway,Runway,AI/SaaS,,0.0,0.0,0.0,0.0,,,0,Monitor or avoid similar topics
saas-stocks-are-rallying-on-ai-optimism-3-stocks-to-buy-now,SaaS stocks are rallying on AI optimism. 3 stocks to buy now.,AI/SaaS,,0.0,0.0,0.0,0.0,,,0,Monitor or avoid similar topics
search-marketing-s-insight-gap-when-automation-replaces-understanding,Search Marketing’s Insight Gap: When Automation Replaces Understanding,AI/SaaS,,0.0,0.0,0.0,0.0,,,0,Monitor or avoid similar topics
self-hosting-guide-review-2026,Self Hosting Guide Review 2026,AI/SaaS,,0.0,0.0,0.0,0.0,,,0,Monitor or avoid similar topics
semrush,Semrush,SEO,,0.0,0.0,0.0,0.0,,,0,Monitor or avoid similar topics
semrush-ai,Semrush Ai,SEO,,0.0,0.0,0.0,0.0,,,0,Monitor or avoid similar topics
shopify-launches-ai-powered-marketing-automation-tool,Shopify launches AI-powered marketing automation tool,AI/SaaS,,0.0,0.0,0.0,0.0,,,0,Monitor or avoid similar topics
skillspector-review-2026,Skillspector Review 2026,AI/SaaS,,0.0,0.0,0.0,0.0,,,0,Monitor or avoid similar topics
surfer-seo,Surfer Seo,SEO,,0.0,0.0,0.0,0.0,,,0,Monitor or avoid similar topics
surfer-seo-free-trial,Surfer Seo Free Trial,SEO,,0.0,0.0,0.0,0.0,,,0,Monitor or avoid similar topics
surfer-seo-vs-clearscope,Surfer Seo Vs Clearscope,SEO,,0.0,0.0,0.0,0.0,,,0,Monitor or avoid similar topics
synthesia,Synthesia,AI/SaaS,,0.0,0.0,0.0,0.0,,,0,Monitor or avoid similar topics
tavant-debuts-agentic-ai-platform-for-software-engineering-automation,"Tavant debuts agentic AI platform for software engineering, automation",AI/SaaS,,0.0,0.0,0.0,0.0,,,0,Monitor or avoid similar topics
the-best-ai-coding-tool-isn-t-the-one-that-writes-the-most-code,The best AI coding tool isn't the one that writes the most code,AI Coding,,0.0,0.0,0.0,0.0,,,0,Monitor or avoid similar topics
the-first-big-exit-in-ai,The first big exit in AI,AI/SaaS,,0.0,0.0,0.0,0.0,,,0,Monitor or avoid similar topics
the-future-of-matrix-marketing-how-ai-and-environment-isolation-are-replacing-legacy-rpa,The Future of Matrix Marketing: How AI and Environment Isolation are Replacing Legacy RPA,AI/SaaS,,0.0,0.0,0.0,0.0,,,0,Monitor or avoid similar topics
tidal-ai-policy,Tidal AI Policy,AI/SaaS,,0.0,0.0,0.0,0.0,,,0,Monitor or avoid similar topics
tough-tongue-ai-for-sales,Tough Tongue AI for Sales,AI/SaaS,,0.0,0.0,0.0,0.0,,,0,Monitor or avoid similar topics
vulnclaw-review-2026,VulnClaw Review 2026,AI/SaaS,,0.0,0.0,0.0,0.0,,,0,Monitor or avoid similar topics
webflow,Webflow,Website Builder,,0.0,0.0,0.0,0.0,,,0,Monitor or avoid similar topics
webflow-ai,Webflow Ai,Website Builder,,0.0,0.0,0.0,0.0,,,0,Monitor or avoid similar topics
webflow-pros-and-cons,Webflow Pros And Cons,Website Builder,,0.0,0.0,0.0,0.0,,,0,Monitor or avoid similar topics
what-ai-capability-do-you-think-is-still-surprisingly-underdeveloped,What AI capability do you think is still surprisingly underdeveloped?,AI/SaaS,,0.0,0.0,0.0,0.0,,,0,Monitor or avoid similar topics
what-if-ai-s-failures-reveal-our-vices-more-than-its-limits,What if AI's failures reveal our vices more than its limits?,AI/SaaS,,0.0,0.0,0.0,0.0,,,0,Monitor or avoid similar topics
when-an-ai-agent-goes-rogue-who-takes-the-blame,"When An AI Agent Goes Rogue, Who Takes The Blame?",AI/SaaS,,0.0,0.0,0.0,0.0,,,0,Monitor or avoid similar topics
why-won-t-europe-build-ai-data-centers-in-iceland,Why Won't Europe Build AI Data Centers in Iceland?,AI/SaaS,,0.0,0.0,0.0,0.0,,,0,Monitor or avoid similar topics
windsurf,Windsurf,AI/SaaS,,0.0,0.0,0.0,0.0,,,0,Monitor or avoid similar topics
working-on-my-first-fully-featured-ai-companion-with-vision-for-games-and-movies-n-all-that,Working on my first fully featured Ai companion with Vision for games and movies n all that!,AI/SaaS,,0.0,0.0,0.0,0.0,,,0,Monitor or avoid similar topics
working-with-ai-a-concrete-example,Working With AI: A concrete example,AI/SaaS,,0.0,0.0,0.0,0.0,,,0,Monitor or avoid similar topics
zapier,Zapier,AI/SaaS,,0.0,0.0,0.0,0.0,,,0,Monitor or avoid similar topics
zapier-pricing,Zapier Pricing,AI/SaaS,,0.0,0.0,0.0,0.0,,,0,Monitor or avoid similar topics
zvec-review-2026,Zvec Review 2026,AI/SaaS,,0.0,0.0,0.0,0.0,,,0,Monitor or avoid similar topics
