draft_id,created_at,content_type,target_channel,title,slug,topic,status,draft_content,target_url,notes
OS-00001,2026-05-12T02:41:10Z,Blog article,Affiliate OS,Cursor Ai Review: A Practical Guide for Developers And Ai Coders,cursor-ai-review-a-practical-guide-for-developers-and-ai-coders,cursor ai review,Need Edit,"Title: Cursor Ai Review: A Practical Guide for Developers And Ai Coders

Meta title: Cursor Ai Review - Practical Buyer Guide
Meta description: Learn how to evaluate Cursor AI, compare alternatives, check pricing notes, and avoid common SaaS buying mistakes.

Intro:
Choosing Cursor AI should start with workflow fit, not hype. This guide explains what to check, who it may help, and what to verify before buying.

Sections:
1. What problem does Cursor AI solve?
2. Who should consider it?
3. Key features to evaluate
4. Pricing and policy notes
5. Alternatives to compare
6. Final checklist

FAQ:
- Is Cursor AI worth it?
- What should I verify first?
- Are there alternatives?
- Can I use it for business?
- Are affiliate links used?

CTA:
- Read the full Cursor AI review.

Internal links:
- /cursor-ai/
- /comparisons/
- /affiliate-disclosure/

Affiliate disclosure:
Some links may be affiliate links. We may earn a commission at no extra cost to you.",,Imported from data/affiliate_os_drafts.json
OS-00002,2026-05-12T03:31:58Z,Blog article,Affiliate OS,Cursor Ai Review: A Practical Guide for Developers And Ai Coders,cursor-ai-review-a-practical-guide-for-developers-and-ai-coders,cursor ai review,Published,"Title: Cursor Ai Review: A Practical Guide for Developers And Ai Coders

Meta title: Cursor Ai Review - Practical Buyer Guide
Meta description: Learn how to evaluate Cursor AI, compare alternatives, check pricing notes, and avoid common SaaS buying mistakes.

Intro:
Choosing Cursor AI should start with workflow fit, not hype. This guide explains what to check, who it may help, and what to verify before buying.

Sections:
1. What problem does Cursor AI solve?
2. Who should consider it?
3. Key features to evaluate
4. Pricing and policy notes
5. Alternatives to compare
6. Final checklist

FAQ:
- Is Cursor AI worth it?
- What should I verify first?
- Are there alternatives?
- Can I use it for business?
- Are affiliate links used?

CTA:
- Read the full Cursor AI review.

Internal links:
- /cursor-ai/
- /comparisons/
- /affiliate-disclosure/

Affiliate disclosure:
Some links may be affiliate links. We may earn a commission at no extra cost to you.",https://review.mssmileenglish.com/cursor-ai-review-a-practical-guide-for-developers-and-ai-coders/,Imported from data/affiliate_os_drafts.json | Published at 2026-05-14T10:48:12 | Publish warnings: word_count_under_1200 | Published at 2026-05-14T11:01:45 | Publish warnings: word_count_under_1200
