slug,article_url,topic,affiliate_clicks,revenue_estimate,program,google_clicks,buyer_intent_score,revenue_opportunity,notes
12-best-ai-for-coding-tools-in-2026-vibecoding-data-science,https://smileaireviewhub.com/12-best-ai-for-coding-tools-in-2026-vibecoding-data-science/,12 Best AI for Coding Tools in 2026 (Vibecoding & Data Science),0.0,0.0,12,0.0,,Monitor,Estimated from available CSV/log data when real affiliate data is missing.
a-language-model-that-runs-on-5-chip,https://smileaireviewhub.com/a-language-model-that-runs-on-5-chip/,A language model that runs on 5$ chip,0.0,0.0,A,0.0,,Monitor,Estimated from available CSV/log data when real affiliate data is missing.
activecampaign,https://smileaireviewhub.com/activecampaign/,Activecampaign,0.0,0.0,Activecampaign,0.0,,Monitor,Estimated from available CSV/log data when real affiliate data is missing.
adcreative-ai,https://smileaireviewhub.com/adcreative-ai/,Adcreative Ai,0.0,0.0,Adcreative,0.0,,Monitor,Estimated from available CSV/log data when real affiliate data is missing.
affordable-ai-app-builder-platform,https://smileaireviewhub.com/affordable-ai-app-builder-platform/,Affordable Ai App Builder Platform,0.0,0.0,Affordable,0.0,,Monitor,Estimated from available CSV/log data when real affiliate data is missing.
affordable-ai-assistant-platform,https://smileaireviewhub.com/affordable-ai-assistant-platform/,Affordable Ai Assistant Platform,0.0,0.0,Affordable,0.0,,Monitor,Estimated from available CSV/log data when real affiliate data is missing.
affordable-ai-design-platform,https://smileaireviewhub.com/affordable-ai-design-platform/,affordable ai design platform,0.0,0.0,Affordable,0.0,,Monitor,Estimated from available CSV/log data when real affiliate data is missing.
affordable-ai-image-platform,https://smileaireviewhub.com/affordable-ai-image-platform/,affordable ai image platform,0.0,0.0,Affordable,0.0,,Monitor,Estimated from available CSV/log data when real affiliate data is missing.
affordable-ai-meeting-platform,https://smileaireviewhub.com/affordable-ai-meeting-platform/,affordable ai meeting platform,0.0,0.0,Affordable,0.0,,Monitor,Estimated from available CSV/log data when real affiliate data is missing.
affordable-ai-search-platform,https://smileaireviewhub.com/affordable-ai-search-platform/,affordable ai search platform,0.0,0.0,Affordable,0.0,,Monitor,Estimated from available CSV/log data when real affiliate data is missing.
affordable-ai-video-platform,https://smileaireviewhub.com/affordable-ai-video-platform/,Affordable Ai Video Platform,0.0,0.0,Affordable,0.0,,Monitor,Estimated from available CSV/log data when real affiliate data is missing.
affordable-ai-voice-platform,https://smileaireviewhub.com/affordable-ai-voice-platform/,affordable ai voice platform,0.0,0.0,Affordable,0.0,,Monitor,Estimated from available CSV/log data when real affiliate data is missing.
affordable-ai-writing-platform,https://smileaireviewhub.com/affordable-ai-writing-platform/,Affordable Ai Writing Platform,0.0,0.0,Affordable,0.0,,Monitor,Estimated from available CSV/log data when real affiliate data is missing.
affordable-automation-platform,https://smileaireviewhub.com/affordable-automation-platform/,Affordable Automation Platform,0.0,0.0,Affordable,0.0,,Monitor,Estimated from available CSV/log data when real affiliate data is missing.
agency-agents-review-2026,https://smileaireviewhub.com/agency-agents-review-2026/,agency-agents Review 2026,0.0,0.0,Agency,0.0,,Monitor,Estimated from available CSV/log data when real affiliate data is missing.
agent-mode-by-receiptor-ai,https://smileaireviewhub.com/agent-mode-by-receiptor-ai/,Agent Mode by Receiptor AI,0.0,0.0,Agent,0.0,,Monitor,Estimated from available CSV/log data when real affiliate data is missing.
agent-reach-review-2026,https://smileaireviewhub.com/agent-reach-review-2026/,Agent Reach Review 2026,0.0,0.0,Agent,0.0,,Monitor,Estimated from available CSV/log data when real affiliate data is missing.
ahrefs-ai,https://smileaireviewhub.com/ahrefs-ai/,Ahrefs Ai,0.0,0.0,Ahrefs,0.0,,Monitor,Estimated from available CSV/log data when real affiliate data is missing.
ai-assistant-software-comparison,https://smileaireviewhub.com/ai-assistant-software-comparison/,Ai Assistant Software Comparison,0.0,0.0,Ai,0.0,,Monitor,Estimated from available CSV/log data when real affiliate data is missing.
ai-berkshire-review-2026,https://smileaireviewhub.com/ai-berkshire-review-2026/,ai-berkshire Review 2026,0.0,0.0,Ai,0.0,,Monitor,Estimated from available CSV/log data when real affiliate data is missing.
ai-coding-software-comparison,https://smileaireviewhub.com/ai-coding-software-comparison/,Ai Coding Software Comparison,0.0,0.0,Ai,0.0,,Monitor,Estimated from available CSV/log data when real affiliate data is missing.
ai-coding-tokens-could-soon-cost-as-much-as-salaries,https://smileaireviewhub.com/ai-coding-tokens-could-soon-cost-as-much-as-salaries/,AI coding tokens could soon cost as much as salaries,0.0,0.0,Ai,0.0,,Monitor,Estimated from available CSV/log data when real affiliate data is missing.
ai-companies-will-become-profitable-eventually-here-s-why,https://smileaireviewhub.com/ai-companies-will-become-profitable-eventually-here-s-why/,AI Companies Will Become Profitable Eventually. Here's why.,0.0,0.0,Ai,0.0,,Monitor,Estimated from available CSV/log data when real affiliate data is missing.
ai-design-software-comparison,https://smileaireviewhub.com/ai-design-software-comparison/,Ai Design Software Comparison,0.0,0.0,Ai,0.0,,Monitor,Estimated from available CSV/log data when real affiliate data is missing.
ai-design-software-review,https://smileaireviewhub.com/ai-design-software-review/,Ai Design Software Review,0.0,0.0,Ai,0.0,,Monitor,Estimated from available CSV/log data when real affiliate data is missing.
ai-engineering-from-scratch-review-2026,https://smileaireviewhub.com/ai-engineering-from-scratch-review-2026/,Ai Engineering From Scratch Review 2026,0.0,0.0,Ai,0.0,,Monitor,Estimated from available CSV/log data when real affiliate data is missing.
ai-image-software-comparison,https://smileaireviewhub.com/ai-image-software-comparison/,Ai Image Software Comparison,0.0,0.0,Ai,0.0,,Monitor,Estimated from available CSV/log data when real affiliate data is missing.
ai-is-automating-marketing-execution-but-raising-the-value-of-judgment,https://smileaireviewhub.com/ai-is-automating-marketing-execution-but-raising-the-value-of-judgment/,AI Is Automating Marketing Execution But Raising The Value Of Judgment,0.0,0.0,Ai,0.0,,Monitor,Estimated from available CSV/log data when real affiliate data is missing.
ai-meeting-software-comparison,https://smileaireviewhub.com/ai-meeting-software-comparison/,Ai Meeting Software Comparison,0.0,0.0,Ai,0.0,,Monitor,Estimated from available CSV/log data when real affiliate data is missing.
ai-powered-vibe-coding-is-gaining-ground-in-nepal,https://smileaireviewhub.com/ai-powered-vibe-coding-is-gaining-ground-in-nepal/,AI-powered vibe coding is gaining ground in Nepal,0.0,0.0,Ai,0.0,,Monitor,Estimated from available CSV/log data when real affiliate data is missing.
ai-productivity-software-comparison,https://smileaireviewhub.com/ai-productivity-software-comparison/,Ai Productivity Software Comparison,0.0,0.0,Ai,0.0,,Monitor,Estimated from available CSV/log data when real affiliate data is missing.
ai-seo-software-comparison,https://smileaireviewhub.com/ai-seo-software-comparison/,Ai Seo Software Comparison,0.0,0.0,Ai,0.0,,Monitor,Estimated from available CSV/log data when real affiliate data is missing.
ai-shakes-saas-as-markets-plunge-and-korea-races-to-reinvent-software,https://smileaireviewhub.com/ai-shakes-saas-as-markets-plunge-and-korea-races-to-reinvent-software/,AI shakes SaaS as markets plunge and Korea races to reinvent software,0.0,0.0,Ai,0.0,,Monitor,Estimated from available CSV/log data when real affiliate data is missing.
ai-slide-editor-by-cubeone,https://smileaireviewhub.com/ai-slide-editor-by-cubeone/,AI Slide Editor by CubeOne,0.0,0.0,Ai,0.0,,Monitor,Estimated from available CSV/log data when real affiliate data is missing.
ai-tools-in-2026-what-each-platform-does-best-in-real-world-workflows,https://smileaireviewhub.com/ai-tools-in-2026-what-each-platform-does-best-in-real-world-workflows/,Ai Tools In 2026 What Each Platform Does Best In Real World Workflows,0.0,0.0,Ai,0.0,,Monitor,Estimated from available CSV/log data when real affiliate data is missing.
ai-video-software-review,https://smileaireviewhub.com/ai-video-software-review/,Ai Video Software Review,0.0,0.0,Ai,0.0,,Monitor,Estimated from available CSV/log data when real affiliate data is missing.
ai-writing-software-review,https://smileaireviewhub.com/ai-writing-software-review/,Ai Writing Software Review,0.0,0.0,Ai,0.0,,Monitor,Estimated from available CSV/log data when real affiliate data is missing.
aisuite-review-2026,https://smileaireviewhub.com/aisuite-review-2026/,Aisuite Review 2026,0.0,0.0,Aisuite,0.0,,Monitor,Estimated from available CSV/log data when real affiliate data is missing.
asian-ai-startups-launch-mythos-like-models-as-anthropic-s-export-ban-drags-on,https://smileaireviewhub.com/asian-ai-startups-launch-mythos-like-models-as-anthropic-s-export-ban-drags-on/,Asian AI startups launch Mythos-like models as Anthropic's export ban drags on,0.0,0.0,Asian,0.0,,Monitor,Estimated from available CSV/log data when real affiliate data is missing.
automation-software-comparison,https://smileaireviewhub.com/automation-software-comparison/,Automation Software Comparison,0.0,0.0,Automation,0.0,,Monitor,Estimated from available CSV/log data when real affiliate data is missing.
best-affiliate-marketing-software-saas,https://smileaireviewhub.com/best-affiliate-marketing-software-saas/,Best Affiliate Marketing Software Saas,0.0,0.0,Best,0.0,,Monitor,Estimated from available CSV/log data when real affiliate data is missing.
best-ai-assistant-software,https://smileaireviewhub.com/best-ai-assistant-software/,Best Ai Assistant Software,0.0,0.0,Best,0.0,,Monitor,Estimated from available CSV/log data when real affiliate data is missing.
best-ai-assistant-tools,https://smileaireviewhub.com/best-ai-assistant-tools/,Best Ai Assistant Tools,0.0,0.0,Best,0.0,,Monitor,Estimated from available CSV/log data when real affiliate data is missing.
best-ai-image-software,https://smileaireviewhub.com/best-ai-image-software/,best ai image software,0.0,0.0,Best,0.0,,Monitor,Estimated from available CSV/log data when real affiliate data is missing.
best-ai-image-tools,https://smileaireviewhub.com/best-ai-image-tools/,best ai image tools,0.0,0.0,Best,0.0,,Monitor,Estimated from available CSV/log data when real affiliate data is missing.
best-ai-meeting-software,https://smileaireviewhub.com/best-ai-meeting-software/,best ai meeting software,0.0,0.0,Best,0.0,,Monitor,Estimated from available CSV/log data when real affiliate data is missing.
best-ai-meeting-tools,https://smileaireviewhub.com/best-ai-meeting-tools/,best ai meeting tools,0.0,0.0,Best,0.0,,Monitor,Estimated from available CSV/log data when real affiliate data is missing.
best-ai-productivity-software,https://smileaireviewhub.com/best-ai-productivity-software/,best ai productivity software,0.0,0.0,Best,0.0,,Monitor,Estimated from available CSV/log data when real affiliate data is missing.
best-ai-search-software,https://smileaireviewhub.com/best-ai-search-software/,best ai search software,0.0,0.0,Best,0.0,,Monitor,Estimated from available CSV/log data when real affiliate data is missing.
best-ai-seo-tools-2026,https://smileaireviewhub.com/best-ai-seo-tools-2026/,Best Ai Seo Tools 2026,0.0,0.0,Best,0.0,,Monitor,Estimated from available CSV/log data when real affiliate data is missing.
best-ai-voice-software,https://smileaireviewhub.com/best-ai-voice-software/,best ai voice software,0.0,0.0,Best,0.0,,Monitor,Estimated from available CSV/log data when real affiliate data is missing.
best-ai-website-builders-compared,https://smileaireviewhub.com/best-ai-website-builders-compared/,Best Ai Website Builders Compared,0.0,0.0,Best,0.0,,Monitor,Estimated from available CSV/log data when real affiliate data is missing.
best-automation-software,https://smileaireviewhub.com/best-automation-software/,Best Automation Software,0.0,0.0,Best,0.0,,Monitor,Estimated from available CSV/log data when real affiliate data is missing.
best-productivity-software,https://smileaireviewhub.com/best-productivity-software/,best productivity software,0.0,0.0,Best,0.0,,Monitor,Estimated from available CSV/log data when real affiliate data is missing.
best-productivity-tools,https://smileaireviewhub.com/best-productivity-tools/,best productivity tools,0.0,0.0,Best,0.0,,Monitor,Estimated from available CSV/log data when real affiliate data is missing.
best-website-builder-2026,https://smileaireviewhub.com/best-website-builder-2026/,Best Website Builder 2026,0.0,0.0,Best,0.0,,Monitor,Estimated from available CSV/log data when real affiliate data is missing.
bettercloud-unveils-ai-native-next-generation-saas-management-platform-to-help-enterprises-govern-ai-at-scale,https://smileaireviewhub.com/bettercloud-unveils-ai-native-next-generation-saas-management-platform-to-help-enterprises-govern-ai-at-scale/,BetterCloud Unveils AI-Native Next Generation SaaS Management Platform to Help Enterprises Govern AI at Scale,0.0,0.0,Bettercloud,0.0,,Monitor,Estimated from available CSV/log data when real affiliate data is missing.
bolt,https://smileaireviewhub.com/bolt/,Bolt,0.0,0.0,Bolt,0.0,,Monitor,Estimated from available CSV/log data when real affiliate data is missing.
canva,https://smileaireviewhub.com/canva/,Canva,0.0,0.0,Canva,0.0,,Monitor,Estimated from available CSV/log data when real affiliate data is missing.
category-ai-coding-tools,https://smileaireviewhub.com/category/ai-coding-tools/,Category Ai Coding Tools,0.0,0.0,Category,0.0,,Monitor,Estimated from available CSV/log data when real affiliate data is missing.
category-automation-tools,https://smileaireviewhub.com/category/automation-tools/,Category Automation Tools,0.0,0.0,Category,0.0,,Monitor,Estimated from available CSV/log data when real affiliate data is missing.
category-design-tools,https://smileaireviewhub.com/category/design-tools/,Category Design Tools,0.0,0.0,Category,0.0,,Monitor,Estimated from available CSV/log data when real affiliate data is missing.
category-email-marketing-tools,https://smileaireviewhub.com/category/email-marketing-tools/,Category Email Marketing Tools,0.0,0.0,Category,0.0,,Monitor,Estimated from available CSV/log data when real affiliate data is missing.
category-seo-tools,https://smileaireviewhub.com/category/seo-tools/,Category Seo Tools,0.0,0.0,Category,0.0,,Monitor,Estimated from available CSV/log data when real affiliate data is missing.
category-video-tools,https://smileaireviewhub.com/category/video-tools/,Category Video Tools,0.0,0.0,Category,0.0,,Monitor,Estimated from available CSV/log data when real affiliate data is missing.
category-website-builder-tools,https://smileaireviewhub.com/category/website-builder-tools/,Category Website Builder Tools,0.0,0.0,Category,0.0,,Monitor,Estimated from available CSV/log data when real affiliate data is missing.
category-writing-tools,https://smileaireviewhub.com/category/writing-tools/,Category Writing Tools,0.0,0.0,Category,0.0,,Monitor,Estimated from available CSV/log data when real affiliate data is missing.
chatgpt,https://smileaireviewhub.com/chatgpt/,Chatgpt,0.0,0.0,Chatgpt,0.0,,Monitor,Estimated from available CSV/log data when real affiliate data is missing.
claude,https://smileaireviewhub.com/claude/,Claude,0.0,0.0,Claude,0.0,,Monitor,Estimated from available CSV/log data when real affiliate data is missing.
cmo-vision-ai-is-rewiring-how-marketing-is-understood-shaped-and-scaled,https://smileaireviewhub.com/cmo-vision-ai-is-rewiring-how-marketing-is-understood-shaped-and-scaled/,"CMO Vision: AI Is Rewiring How Marketing Is Understood, Shaped And Scaled",0.0,0.0,Cmo,0.0,,Monitor,Estimated from available CSV/log data when real affiliate data is missing.
compare-activecampaign-vs-mailchimp,https://smileaireviewhub.com/compare/activecampaign-vs-mailchimp/,Compare Activecampaign Vs Mailchimp,0.0,0.0,Compare,0.0,,Monitor,Estimated from available CSV/log data when real affiliate data is missing.
compare-canva-vs-adcreative-ai,https://smileaireviewhub.com/compare/canva-vs-adcreative-ai/,Compare Canva Vs Adcreative Ai,0.0,0.0,Compare,0.0,,Monitor,Estimated from available CSV/log data when real affiliate data is missing.
compare-chatgpt-vs-claude,https://smileaireviewhub.com/compare/chatgpt-vs-claude/,Compare Chatgpt Vs Claude,0.0,0.0,Compare,0.0,,Monitor,Estimated from available CSV/log data when real affiliate data is missing.
compare-cursor-vs-github-copilot,https://smileaireviewhub.com/compare/cursor-vs-github-copilot/,Compare Cursor Vs Github Copilot,0.0,0.0,Compare,0.0,,Monitor,Estimated from available CSV/log data when real affiliate data is missing.
compare-cursor-vs-github-copilot-2026,https://smileaireviewhub.com/compare/cursor-vs-github-copilot-2026/,Compare Cursor Vs Github Copilot 2026,0.0,0.0,Compare,0.0,,Monitor,Estimated from available CSV/log data when real affiliate data is missing.
compare-cursor-vs-windsurf,https://smileaireviewhub.com/compare/cursor-vs-windsurf/,Compare Cursor Vs Windsurf,0.0,0.0,Compare,0.0,,Monitor,Estimated from available CSV/log data when real affiliate data is missing.
compare-github-copilot-vs-codeium,https://smileaireviewhub.com/compare/github-copilot-vs-codeium/,Compare Github Copilot Vs Codeium,0.0,0.0,Compare,0.0,,Monitor,Estimated from available CSV/log data when real affiliate data is missing.
compare-grammarly-vs-quillbot,https://smileaireviewhub.com/compare/grammarly-vs-quillbot/,Compare Grammarly Vs Quillbot,0.0,0.0,Compare,0.0,,Monitor,Estimated from available CSV/log data when real affiliate data is missing.
compare-jasper-vs-copy-ai,https://smileaireviewhub.com/compare/jasper-vs-copy-ai/,Compare Jasper Vs Copy Ai,0.0,0.0,Compare,0.0,,Monitor,Estimated from available CSV/log data when real affiliate data is missing.
compare-make-vs-zapier,https://smileaireviewhub.com/compare/make-vs-zapier/,Compare Make Vs Zapier,0.0,0.0,Compare,0.0,,Monitor,Estimated from available CSV/log data when real affiliate data is missing.
compare-semrush-vs-ahrefs,https://smileaireviewhub.com/compare/semrush-vs-ahrefs/,Compare Semrush Vs Ahrefs,0.0,0.0,Compare,0.0,,Monitor,Estimated from available CSV/log data when real affiliate data is missing.
compare-surfer-seo-vs-frase,https://smileaireviewhub.com/comparisons/surfer-seo-vs-frase/,Compare Surfer Seo Vs Frase,0.0,0.0,Compare,0.0,,Monitor,Estimated from available CSV/log data when real affiliate data is missing.
compare-synthesia-vs-pictory,https://smileaireviewhub.com/compare/synthesia-vs-pictory/,Compare Synthesia Vs Pictory,0.0,0.0,Compare,0.0,,Monitor,Estimated from available CSV/log data when real affiliate data is missing.
copy-ai,https://smileaireviewhub.com/copy-ai/,Copy Ai,0.0,0.0,Copy,0.0,,Monitor,Estimated from available CSV/log data when real affiliate data is missing.
council-of-high-intelligence-review-2026,https://smileaireviewhub.com/council-of-high-intelligence-review-2026/,council-of-high-intelligence Review 2026,0.0,0.0,Council,0.0,,Monitor,Estimated from available CSV/log data when real affiliate data is missing.
cua-review-2026,https://smileaireviewhub.com/cua-review-2026/,Cua Review 2026,0.0,0.0,Cua,0.0,,Monitor,Estimated from available CSV/log data when real affiliate data is missing.
cupy-review-2026,https://smileaireviewhub.com/cupy-review-2026/,cupy Review 2026,0.0,0.0,Cupy,0.0,,Monitor,Estimated from available CSV/log data when real affiliate data is missing.
cursor,https://smileaireviewhub.com/cursor/,Cursor,0.0,0.0,Cursor,0.0,,Monitor,Estimated from available CSV/log data when real affiliate data is missing.
descript,https://smileaireviewhub.com/descript/,Descript,0.0,0.0,Descript,0.0,,Monitor,Estimated from available CSV/log data when real affiliate data is missing.
discode-ai,https://smileaireviewhub.com/discode-ai/,discode.ai,0.0,0.0,Discode,0.0,,Monitor,Estimated from available CSV/log data when real affiliate data is missing.
durable,https://smileaireviewhub.com/durable/,Durable,0.0,0.0,Durable,0.0,,Monitor,Estimated from available CSV/log data when real affiliate data is missing.
elevenlabs,https://smileaireviewhub.com/elevenlabs/,Elevenlabs,0.0,0.0,Elevenlabs,0.0,,Monitor,Estimated from available CSV/log data when real affiliate data is missing.
filum-ai,https://smileaireviewhub.com/filum-ai/,Filum.ai,0.0,0.0,Filum,0.0,,Monitor,Estimated from available CSV/log data when real affiliate data is missing.
folio-ai,https://smileaireviewhub.com/folio-ai/,Folio AI,0.0,0.0,Folio,0.0,,Monitor,Estimated from available CSV/log data when real affiliate data is missing.
ford-rehires-veteran-engineers-after-ai-fails-to-meet-quality-standards,https://smileaireviewhub.com/ford-rehires-veteran-engineers-after-ai-fails-to-meet-quality-standards/,Ford rehires veteran engineers after AI fails to meet quality standards,0.0,0.0,Ford,0.0,,Monitor,Estimated from available CSV/log data when real affiliate data is missing.
framer,https://smileaireviewhub.com/framer/,Framer,0.0,0.0,Framer,0.0,,Monitor,Estimated from available CSV/log data when real affiliate data is missing.
frase,https://smileaireviewhub.com/frase/,Frase,0.0,0.0,Frase,0.0,,Monitor,Estimated from available CSV/log data when real affiliate data is missing.
free-for-dev-review-2026,https://smileaireviewhub.com/free-for-dev-review-2026/,free-for-dev Review 2026,0.0,0.0,Free,0.0,,Monitor,Estimated from available CSV/log data when real affiliate data is missing.
gamma,https://smileaireviewhub.com/gamma/,Gamma,0.0,0.0,Gamma,0.0,,Monitor,Estimated from available CSV/log data when real affiliate data is missing.
gemini,https://smileaireviewhub.com/gemini/,Gemini,0.0,0.0,Gemini,0.0,,Monitor,Estimated from available CSV/log data when real affiliate data is missing.
github-copilot,https://smileaireviewhub.com/github-copilot/,Github Copilot,0.0,0.0,Github,0.0,,Monitor,Estimated from available CSV/log data when real affiliate data is missing.
gradial-lands-65m-series-c-for-agentic-marketing-platform,https://smileaireviewhub.com/gradial-lands-65m-series-c-for-agentic-marketing-platform/,Gradial Lands $65M Series C for Agentic Marketing Platform,0.0,0.0,Gradial,0.0,,Monitor,Estimated from available CSV/log data when real affiliate data is missing.
has-ai-changed-the-way-you-think-not-just-the-way-you-work,https://smileaireviewhub.com/has-ai-changed-the-way-you-think-not-just-the-way-you-work/,"Has AI changed the way you think, not just the way you work?",0.0,0.0,Has,0.0,,Monitor,Estimated from available CSV/log data when real affiliate data is missing.
hey-siri-meet-ai,https://smileaireviewhub.com/hey-siri-meet-ai/,"Hey Siri, meet AI",0.0,0.0,Hey,0.0,,Monitor,Estimated from available CSV/log data when real affiliate data is missing.
hidden-ai-infrastructure-companies-2026,https://smileaireviewhub.com/hidden-ai-infrastructure-companies-2026/,Hidden Ai Infrastructure Companies 2026,0.0,0.0,Hidden,0.0,,Monitor,Estimated from available CSV/log data when real affiliate data is missing.
hilltopads-review-2026,https://smileaireviewhub.com/hilltopads-review-2026/,Hilltopads Review 2026,0.0,0.0,Hilltopads,0.0,,Monitor,Estimated from available CSV/log data when real affiliate data is missing.
how-ai-is-upending-saas-tools,https://smileaireviewhub.com/how-ai-is-upending-saas-tools/,How AI is upending SaaS tools,0.0,0.0,How,0.0,,Monitor,Estimated from available CSV/log data when real affiliate data is missing.
hubspot,https://smileaireviewhub.com/hubspot/,Hubspot,0.0,0.0,Hubspot,0.0,,Monitor,Estimated from available CSV/log data when real affiliate data is missing.
i-built-a-benchmark-for-multi-turn-prompt-injection-attacks-most-defenses-never-see-them-coming,https://smileaireviewhub.com/i-built-a-benchmark-for-multi-turn-prompt-injection-attacks-most-defenses-never-see-them-coming/,I built a benchmark for multi-turn prompt injection attacks. Most defenses never see them coming.,0.0,0.0,I,0.0,,Monitor,Estimated from available CSV/log data when real affiliate data is missing.
i-signed-up-for-another-saas,https://smileaireviewhub.com/i-signed-up-for-another-saas/,I signed up for another SaaS,0.0,0.0,I,0.0,,Monitor,Estimated from available CSV/log data when real affiliate data is missing.
imagekit-launches-creative-automation-with-ai-assist-to-help-teams-generate-on-brand-visuals-at-scale,https://smileaireviewhub.com/imagekit-launches-creative-automation-with-ai-assist-to-help-teams-generate-on-brand-visuals-at-scale/,ImageKit Launches Creative Automation with AI Assist to Help Teams Generate On-Brand Visuals at Scale,0.0,0.0,Imagekit,0.0,,Monitor,Estimated from available CSV/log data when real affiliate data is missing.
impartner-redefines-partner-marketing-automation-with-full-automation-adtech-and-ai-to-drive-measurable-revenue,https://smileaireviewhub.com/impartner-redefines-partner-marketing-automation-with-full-automation-adtech-and-ai-to-drive-measurable-revenue/,"Impartner Redefines Partner Marketing Automation with Full Automation, AdTech and AI to Drive Measurable Revenue",0.0,0.0,Impartner,0.0,,Monitor,Estimated from available CSV/log data when real affiliate data is missing.
import-ai-445-timing-superintelligence-ais-solve-frontier-math-proofs-a-new-ml-research-benchmark,https://smileaireviewhub.com/import-ai-445-timing-superintelligence-ais-solve-frontier-math-proofs-a-new-ml-research-benchmark/,Import AI 445: Timing superintelligence; AIs solve frontier math proofs; a new ML research benchmark,0.0,0.0,Import,0.0,,Monitor,Estimated from available CSV/log data when real affiliate data is missing.
import-ai-446-nuclear-llms-china-s-big-ai-benchmark-measurement-and-ai-policy,https://smileaireviewhub.com/import-ai-446-nuclear-llms-china-s-big-ai-benchmark-measurement-and-ai-policy/,Import AI 446: Nuclear LLMs; China's big AI benchmark; measurement and AI policy,0.0,0.0,Import,0.0,,Monitor,Estimated from available CSV/log data when real affiliate data is missing.
import-ai-447-the-agi-economy-testing-ais-with-generated-games-and-agent-ecologies,https://smileaireviewhub.com/import-ai-447-the-agi-economy-testing-ais-with-generated-games-and-agent-ecologies/,Import AI 447: The AGI economy; testing AIs with generated games; and agent ecologies,0.0,0.0,Import,0.0,,Monitor,Estimated from available CSV/log data when real affiliate data is missing.
import-ai-450-china-s-electronic-warfare-model-traumatized-llms-and-a-scaling-law-for-cyberattacks,https://smileaireviewhub.com/import-ai-450-china-s-electronic-warfare-model-traumatized-llms-and-a-scaling-law-for-cyberattacks/,Import AI 450: China's electronic warfare model; traumatized LLMs; and a scaling law for cyberattacks,0.0,0.0,Import,0.0,,Monitor,Estimated from available CSV/log data when real affiliate data is missing.
import-ai-451-political-superintelligence-google-s-society-of-minds-and-a-robot-drummer,https://smileaireviewhub.com/import-ai-451-political-superintelligence-google-s-society-of-minds-and-a-robot-drummer/,"Import AI 451: Political superintelligence; Google's society of minds, and a robot drummer",0.0,0.0,Import,0.0,,Monitor,Estimated from available CSV/log data when real affiliate data is missing.
import-ai-454-automating-alignment-research-safety-study-of-a-chinese-model-hifloat4,https://smileaireviewhub.com/import-ai-454-automating-alignment-research-safety-study-of-a-chinese-model-hifloat4/,Import AI 454: Automating alignment research; safety study of a Chinese model; HiFloat4,0.0,0.0,Import,0.0,,Monitor,Estimated from available CSV/log data when real affiliate data is missing.
import-ai-456-rsi-and-economic-growth-radical-optionality-for-ai-regulation-and-a-neural-computer,https://smileaireviewhub.com/import-ai-456-rsi-and-economic-growth-radical-optionality-for-ai-regulation-and-a-neural-computer/,Import AI 456: RSI and economic growth; radical optionality for AI regulation; and a neural computer,0.0,0.0,Import,0.0,,Monitor,Estimated from available CSV/log data when real affiliate data is missing.
import-ai-457-ai-stuxnet-cursed-muon-optimizer-and-positive-alignment,https://smileaireviewhub.com/import-ai-457-ai-stuxnet-cursed-muon-optimizer-and-positive-alignment/,Import AI 457: AI stuxnet; cursed Muon optimizer; and positive alignment,0.0,0.0,Import,0.0,,Monitor,Estimated from available CSV/log data when real affiliate data is missing.
import-ai-458-reckoning-with-the-future-and-a-singularity-story,https://smileaireviewhub.com/import-ai-458-reckoning-with-the-future-and-a-singularity-story/,Import AI 458: Reckoning with the future; and a singularity story,0.0,0.0,Import,0.0,,Monitor,Estimated from available CSV/log data when real affiliate data is missing.
import-ai-460-reward-hacking-society-rsi-data-from-anthropic-and-rl-based-quadcopter-racing,https://smileaireviewhub.com/import-ai-460-reward-hacking-society-rsi-data-from-anthropic-and-rl-based-quadcopter-racing/,"Import AI 460: Reward hacking society, RSI data from Anthropic; and RL-based quadcopter racing",0.0,0.0,Import,0.0,,Monitor,Estimated from available CSV/log data when real affiliate data is missing.
import-ai-461-alignment-is-not-on-track-frontiercode-and-synthetic-research-interns,https://smileaireviewhub.com/import-ai-461-alignment-is-not-on-track-frontiercode-and-synthetic-research-interns/,"Import AI 461: ""Alignment is not on track""; FrontierCode; and synthetic research interns",0.0,0.0,Import,0.0,,Monitor,Estimated from available CSV/log data when real affiliate data is missing.
import-ai-462-superpersuasion-self-sustaining-ai-paths-to-asi,https://smileaireviewhub.com/import-ai-462-superpersuasion-self-sustaining-ai-paths-to-asi/,Import AI 462: Superpersuasion; self-sustaining AI; paths to ASI,0.0,0.0,Import,0.0,,Monitor,Estimated from available CSV/log data when real affiliate data is missing.
import-ai-463-self-improving-robots-a-10k-chinese-gpu-cluster-and-an-elegiac-essay-for-the-human-era,https://smileaireviewhub.com/import-ai-463-self-improving-robots-a-10k-chinese-gpu-cluster-and-an-elegiac-essay-for-the-human-era/,Import AI 463: Self-improving robots; a 10k Chinese GPU cluster; and an elegiac essay for the human era,0.0,0.0,Import,0.0,,Monitor,Estimated from available CSV/log data when real affiliate data is missing.
importai-449-llms-training-other-llms-72b-distributed-training-run-computer-vision-is-harder-than-generative-text,https://smileaireviewhub.com/importai-449-llms-training-other-llms-72b-distributed-training-run-computer-vision-is-harder-than-generative-text/,ImportAI 449: LLMs training other LLMs; 72B distributed training run; computer vision is harder than generative text,0.0,0.0,Importai,0.0,,Monitor,Estimated from available CSV/log data when real affiliate data is missing.
is-saas-dead,https://smileaireviewhub.com/is-saas-dead/,Is SaaS dead?,0.0,0.0,Is,0.0,,Monitor,Estimated from available CSV/log data when real affiliate data is missing.
jasper,https://smileaireviewhub.com/jasper/,Jasper,0.0,0.0,Jasper,0.0,,Monitor,Estimated from available CSV/log data when real affiliate data is missing.
jasper-ai,https://smileaireviewhub.com/jasper-ai/,Jasper Ai,0.0,0.0,Jasper,0.0,,Monitor,Estimated from available CSV/log data when real affiliate data is missing.
kilocode-review-2026,https://smileaireviewhub.com/kilocode-review-2026/,Kilocode Review 2026,0.0,0.0,Kilocode,0.0,,Monitor,Estimated from available CSV/log data when real affiliate data is missing.
logto-review-2026,https://smileaireviewhub.com/logto-review-2026/,logto Review 2026,0.0,0.0,Logto,0.0,,Monitor,Estimated from available CSV/log data when real affiliate data is missing.
lovable,https://smileaireviewhub.com/lovable/,Lovable,0.0,0.0,Lovable,0.0,,Monitor,Estimated from available CSV/log data when real affiliate data is missing.
make,https://smileaireviewhub.com/make/,Make,0.0,0.0,Make,0.0,,Monitor,Estimated from available CSV/log data when real affiliate data is missing.
midjourney,https://smileaireviewhub.com/midjourney/,Midjourney,0.0,0.0,Midjourney,0.0,,Monitor,Estimated from available CSV/log data when real affiliate data is missing.
monetag-review-2026,https://smileaireviewhub.com/monetag-review-2026/,Monetag Review 2026,0.0,0.0,Monetag,0.0,,Monitor,Estimated from available CSV/log data when real affiliate data is missing.
most-ai-models-would-run-your-company-into-the-ground-princeton-s-ceo-bench-finds,https://smileaireviewhub.com/most-ai-models-would-run-your-company-into-the-ground-princeton-s-ceo-bench-finds/,"Most AI Models Would Run Your Company Into the Ground, Princeton’s CEO-Bench Finds",0.0,0.0,Most,0.0,,Monitor,Estimated from available CSV/log data when real affiliate data is missing.
my-ai-predictions-two-years-later-the-ones-that-landed,https://smileaireviewhub.com/my-ai-predictions-two-years-later-the-ones-that-landed/,"My AI Predictions, Two Years Later: The Ones That Landed",0.0,0.0,My,0.0,,Monitor,Estimated from available CSV/log data when real affiliate data is missing.
notion,https://smileaireviewhub.com/notion/,Notion,0.0,0.0,Notion,0.0,,Monitor,Estimated from available CSV/log data when real affiliate data is missing.
notion-ai,https://smileaireviewhub.com/notion-ai/,Notion Ai,0.0,0.0,Notion,0.0,,Monitor,Estimated from available CSV/log data when real affiliate data is missing.
open-ai-delayed-gpt-5-6-after-a-u-s-government-review-request-is-ai-regulation-becoming-the-new-normal,https://smileaireviewhub.com/open-ai-delayed-gpt-5-6-after-a-u-s-government-review-request-is-ai-regulation-becoming-the-new-normal/,Open AI delayed GPT-5.6 after a U.S. government review request. Is AI regulation becoming the new normal?,0.0,0.0,Open,0.0,,Monitor,Estimated from available CSV/log data when real affiliate data is missing.
ornith-1-0-self-improving-open-source-models-for-agentic-coding,https://smileaireviewhub.com/ornith-1-0-self-improving-open-source-models-for-agentic-coding/,Ornith-1.0: self-improving open-source models for agentic coding,0.0,0.0,Ornith,0.0,,Monitor,Estimated from available CSV/log data when real affiliate data is missing.
ornith-1-0-self-scaffolding-llms-for-agentic-coding,https://smileaireviewhub.com/ornith-1-0-self-scaffolding-llms-for-agentic-coding/,Ornith-1.0: Self-scaffolding LLMs for agentic coding,0.0,0.0,Ornith,0.0,,Monitor,Estimated from available CSV/log data when real affiliate data is missing.
oxlo-ai,https://smileaireviewhub.com/oxlo-ai/,Oxlo.ai,0.0,0.0,Oxlo,0.0,,Monitor,Estimated from available CSV/log data when real affiliate data is missing.
palantir-and-nvidia-expand-sovereign-ai-partnership-for-us-government,https://smileaireviewhub.com/palantir-and-nvidia-expand-sovereign-ai-partnership-for-us-government/,Palantir and Nvidia Expand Sovereign AI Partnership for US Government,0.0,0.0,Palantir,0.0,,Monitor,Estimated from available CSV/log data when real affiliate data is missing.
payu-brings-ai-coding-and-cli-tools-to-payment-developers,https://smileaireviewhub.com/payu-brings-ai-coding-and-cli-tools-to-payment-developers/,PayU Brings AI Coding And CLI Tools To Payment Developers,0.0,0.0,Payu,0.0,,Monitor,Estimated from available CSV/log data when real affiliate data is missing.
perplexity,https://smileaireviewhub.com/perplexity/,Perplexity,0.0,0.0,Perplexity,0.0,,Monitor,Estimated from available CSV/log data when real affiliate data is missing.
pipedrive,https://smileaireviewhub.com/pipedrive/,Pipedrive,0.0,0.0,Pipedrive,0.0,,Monitor,Estimated from available CSV/log data when real affiliate data is missing.
pipedrive-crm,https://smileaireviewhub.com/pipedrive-crm/,Pipedrive Crm,0.0,0.0,Pipedrive,0.0,,Monitor,Estimated from available CSV/log data when real affiliate data is missing.
pricing-activecampaign,https://smileaireviewhub.com/pricing/activecampaign/,Pricing Activecampaign,0.0,0.0,Pricing,0.0,,Monitor,Estimated from available CSV/log data when real affiliate data is missing.
pricing-canva,https://smileaireviewhub.com/pricing/canva/,Pricing Canva,0.0,0.0,Pricing,0.0,,Monitor,Estimated from available CSV/log data when real affiliate data is missing.
pricing-cursor,https://smileaireviewhub.com/pricing/cursor/,Pricing Cursor,0.0,0.0,Pricing,0.0,,Monitor,Estimated from available CSV/log data when real affiliate data is missing.
pricing-github-copilot,https://smileaireviewhub.com/pricing/github-copilot/,Pricing Github Copilot,0.0,0.0,Pricing,0.0,,Monitor,Estimated from available CSV/log data when real affiliate data is missing.
pricing-grammarly,https://smileaireviewhub.com/pricing/grammarly/,Pricing Grammarly,0.0,0.0,Pricing,0.0,,Monitor,Estimated from available CSV/log data when real affiliate data is missing.
pricing-mailchimp,https://smileaireviewhub.com/pricing/mailchimp/,Pricing Mailchimp,0.0,0.0,Pricing,0.0,,Monitor,Estimated from available CSV/log data when real affiliate data is missing.
pricing-make,https://smileaireviewhub.com/pricing/make/,Pricing Make,0.0,0.0,Pricing,0.0,,Monitor,Estimated from available CSV/log data when real affiliate data is missing.
pricing-pictory,https://smileaireviewhub.com/pricing/pictory/,Pricing Pictory,0.0,0.0,Pricing,0.0,,Monitor,Estimated from available CSV/log data when real affiliate data is missing.
pricing-semrush,https://smileaireviewhub.com/pricing/semrush/,Pricing Semrush,0.0,0.0,Pricing,0.0,,Monitor,Estimated from available CSV/log data when real affiliate data is missing.
pricing-surfer-seo,https://smileaireviewhub.com/pricing/surfer-seo/,Pricing Surfer Seo,0.0,0.0,Pricing,0.0,,Monitor,Estimated from available CSV/log data when real affiliate data is missing.
pricing-zapier,https://smileaireviewhub.com/pricing/zapier/,Pricing Zapier,0.0,0.0,Pricing,0.0,,Monitor,Estimated from available CSV/log data when real affiliate data is missing.
productivity-software-comparison,https://smileaireviewhub.com/productivity-software-comparison/,Productivity Software Comparison,0.0,0.0,Productivity,0.0,,Monitor,Estimated from available CSV/log data when real affiliate data is missing.
reclaim-ai,https://smileaireviewhub.com/reclaim-ai/,Reclaim Ai,0.0,0.0,Reclaim,0.0,,Monitor,Estimated from available CSV/log data when real affiliate data is missing.
reco-launches-industry-first-ai-agent-security-to-tackle-agent-sprawl-across-saas,https://smileaireviewhub.com/reco-launches-industry-first-ai-agent-security-to-tackle-agent-sprawl-across-saas/,Reco Launches Industry-First AI Agent Security to Tackle Agent Sprawl Across SaaS,0.0,0.0,Reco,0.0,,Monitor,Estimated from available CSV/log data when real affiliate data is missing.
replit,https://smileaireviewhub.com/replit/,Replit,0.0,0.0,Replit,0.0,,Monitor,Estimated from available CSV/log data when real affiliate data is missing.
review-activecampaign,https://smileaireviewhub.com/review/activecampaign/,Review Activecampaign,0.0,0.0,Review,0.0,,Monitor,Estimated from available CSV/log data when real affiliate data is missing.
review-adcreative-ai,https://smileaireviewhub.com/review/adcreative-ai/,Review Adcreative Ai,0.0,0.0,Review,0.0,,Monitor,Estimated from available CSV/log data when real affiliate data is missing.
review-adcreative-ai-review-2026,https://smileaireviewhub.com/review/adcreative-ai-review-2026/,Review Adcreative Ai Review 2026,0.0,0.0,Review,0.0,,Monitor,Estimated from available CSV/log data when real affiliate data is missing.
review-ahrefs-ai,https://smileaireviewhub.com/review/ahrefs-ai/,Review Ahrefs Ai,0.0,0.0,Review,0.0,,Monitor,Estimated from available CSV/log data when real affiliate data is missing.
review-aweber-review-2026,https://smileaireviewhub.com/aweber-review-2026/,Review Aweber Review 2026,0.0,0.0,Review,0.0,,Monitor,Estimated from available CSV/log data when real affiliate data is missing.
review-beehiiv-review-2026,https://smileaireviewhub.com/beehiiv-review-2026/,Review Beehiiv Review 2026,0.0,0.0,Review,0.0,,Monitor,Estimated from available CSV/log data when real affiliate data is missing.
review-bolt,https://smileaireviewhub.com/review/bolt/,Review Bolt,0.0,0.0,Review,0.0,,Monitor,Estimated from available CSV/log data when real affiliate data is missing.
review-bolt-ai-review-2026,https://smileaireviewhub.com/bolt-ai-review-2026/,Review Bolt Ai Review 2026,0.0,0.0,Review,0.0,,Monitor,Estimated from available CSV/log data when real affiliate data is missing.
review-brevo-review-2026,https://smileaireviewhub.com/brevo-review-2026/,Review Brevo Review 2026,0.0,0.0,Review,0.0,,Monitor,Estimated from available CSV/log data when real affiliate data is missing.
review-bunny-net-review-2026,https://smileaireviewhub.com/bunny-net-review-2026/,Review Bunny Net Review 2026,0.0,0.0,Review,0.0,,Monitor,Estimated from available CSV/log data when real affiliate data is missing.
review-canva,https://smileaireviewhub.com/review/canva/,Review Canva,0.0,0.0,Review,0.0,,Monitor,Estimated from available CSV/log data when real affiliate data is missing.
review-chatgpt,https://smileaireviewhub.com/review/chatgpt/,Review Chatgpt,0.0,0.0,Review,0.0,,Monitor,Estimated from available CSV/log data when real affiliate data is missing.
review-claude,https://smileaireviewhub.com/review/claude/,Review Claude,0.0,0.0,Review,0.0,,Monitor,Estimated from available CSV/log data when real affiliate data is missing.
review-clickfunnels-review-2026,https://smileaireviewhub.com/clickfunnels-review-2026/,Review Clickfunnels Review 2026,0.0,0.0,Review,0.0,,Monitor,Estimated from available CSV/log data when real affiliate data is missing.
review-constant-contact-review-2026,https://smileaireviewhub.com/constant-contact-review-2026/,Review Constant Contact Review 2026,0.0,0.0,Review,0.0,,Monitor,Estimated from available CSV/log data when real affiliate data is missing.
review-convertkit-review-2026,https://smileaireviewhub.com/convertkit-review-2026/,Review Convertkit Review 2026,0.0,0.0,Review,0.0,,Monitor,Estimated from available CSV/log data when real affiliate data is missing.
review-copy-ai,https://smileaireviewhub.com/review/copy-ai/,Review Copy Ai,0.0,0.0,Review,0.0,,Monitor,Estimated from available CSV/log data when real affiliate data is missing.
review-cursor,https://smileaireviewhub.com/review/cursor/,Review Cursor,0.0,0.0,Review,0.0,,Monitor,Estimated from available CSV/log data when real affiliate data is missing.
review-descript,https://smileaireviewhub.com/review/descript/,Review Descript,0.0,0.0,Review,0.0,,Monitor,Estimated from available CSV/log data when real affiliate data is missing.
review-durable,https://smileaireviewhub.com/review/durable/,Review Durable,0.0,0.0,Review,0.0,,Monitor,Estimated from available CSV/log data when real affiliate data is missing.
review-durable-ai-review-2026,https://smileaireviewhub.com/review/durable-ai-review-2026/,Review Durable Ai Review 2026,0.0,0.0,Review,0.0,,Monitor,Estimated from available CSV/log data when real affiliate data is missing.
review-elevenlabs,https://smileaireviewhub.com/review/elevenlabs/,Review Elevenlabs,0.0,0.0,Review,0.0,,Monitor,Estimated from available CSV/log data when real affiliate data is missing.
review-fathom-analytics-review-2026,https://smileaireviewhub.com/fathom-analytics-review-2026/,Review Fathom Analytics Review 2026,0.0,0.0,Review,0.0,,Monitor,Estimated from available CSV/log data when real affiliate data is missing.
review-framer,https://smileaireviewhub.com/review/framer/,Review Framer,0.0,0.0,Review,0.0,,Monitor,Estimated from available CSV/log data when real affiliate data is missing.
review-frase,https://smileaireviewhub.com/review/frase/,Review Frase,0.0,0.0,Review,0.0,,Monitor,Estimated from available CSV/log data when real affiliate data is missing.
review-gamma,https://smileaireviewhub.com/review/gamma/,Review Gamma,0.0,0.0,Review,0.0,,Monitor,Estimated from available CSV/log data when real affiliate data is missing.
review-gemini,https://smileaireviewhub.com/review/gemini/,Review Gemini,0.0,0.0,Review,0.0,,Monitor,Estimated from available CSV/log data when real affiliate data is missing.
review-getresponse-review-2026,https://smileaireviewhub.com/getresponse-review-2026/,Review Getresponse Review 2026,0.0,0.0,Review,0.0,,Monitor,Estimated from available CSV/log data when real affiliate data is missing.
review-github-copilot,https://smileaireviewhub.com/review/github-copilot/,Review Github Copilot,0.0,0.0,Review,0.0,,Monitor,Estimated from available CSV/log data when real affiliate data is missing.
review-grammarly-review-2026,https://smileaireviewhub.com/grammarly-review-2026/,Review Grammarly Review 2026,0.0,0.0,Review,0.0,,Monitor,Estimated from available CSV/log data when real affiliate data is missing.
review-hostinger-website-builder-review-2026,https://smileaireviewhub.com/hostinger-website-builder-review-2026/,Review Hostinger Website Builder Review 2026,0.0,0.0,Review,0.0,,Monitor,Estimated from available CSV/log data when real affiliate data is missing.
review-hubspot,https://smileaireviewhub.com/review/hubspot/,Review Hubspot,0.0,0.0,Review,0.0,,Monitor,Estimated from available CSV/log data when real affiliate data is missing.
review-hubspot-review-2026,https://smileaireviewhub.com/hubspot-review-2026/,Review Hubspot Review 2026,0.0,0.0,Review,0.0,,Monitor,Estimated from available CSV/log data when real affiliate data is missing.
review-jasper,https://smileaireviewhub.com/review/jasper/,Review Jasper,0.0,0.0,Review,0.0,,Monitor,Estimated from available CSV/log data when real affiliate data is missing.
review-jasper-ai,https://smileaireviewhub.com/review/jasper-ai/,Review Jasper Ai,0.0,0.0,Review,0.0,,Monitor,Estimated from available CSV/log data when real affiliate data is missing.
review-jasper-ai-review-2026,https://smileaireviewhub.com/jasper-ai-review-2026/,Review Jasper Ai Review 2026,0.0,0.0,Review,0.0,,Monitor,Estimated from available CSV/log data when real affiliate data is missing.
review-keysearch-review-2026,https://smileaireviewhub.com/keysearch-review-2026/,Review Keysearch Review 2026,0.0,0.0,Review,0.0,,Monitor,Estimated from available CSV/log data when real affiliate data is missing.
review-leadpages-review-2026,https://smileaireviewhub.com/leadpages-review-2026/,Review Leadpages Review 2026,0.0,0.0,Review,0.0,,Monitor,Estimated from available CSV/log data when real affiliate data is missing.
review-link-whisper-review-2026,https://smileaireviewhub.com/link-whisper-review-2026/,Review Link Whisper Review 2026,0.0,0.0,Review,0.0,,Monitor,Estimated from available CSV/log data when real affiliate data is missing.
review-lovable,https://smileaireviewhub.com/review/lovable/,Review Lovable,0.0,0.0,Review,0.0,,Monitor,Estimated from available CSV/log data when real affiliate data is missing.
review-lowfruits-review-2026,https://smileaireviewhub.com/lowfruits-review-2026/,Review Lowfruits Review 2026,0.0,0.0,Review,0.0,,Monitor,Estimated from available CSV/log data when real affiliate data is missing.
review-mailerlite-review-2026,https://smileaireviewhub.com/mailerlite-review-2026/,Review Mailerlite Review 2026,0.0,0.0,Review,0.0,,Monitor,Estimated from available CSV/log data when real affiliate data is missing.
review-make,https://smileaireviewhub.com/review/make/,Review Make,0.0,0.0,Review,0.0,,Monitor,Estimated from available CSV/log data when real affiliate data is missing.
review-mangools-review-2026,https://smileaireviewhub.com/mangools-review-2026/,Review Mangools Review 2026,0.0,0.0,Review,0.0,,Monitor,Estimated from available CSV/log data when real affiliate data is missing.
review-midjourney,https://smileaireviewhub.com/review/midjourney/,Review Midjourney,0.0,0.0,Review,0.0,,Monitor,Estimated from available CSV/log data when real affiliate data is missing.
review-moz-review-2026,https://smileaireviewhub.com/moz-review-2026/,Review Moz Review 2026,0.0,0.0,Review,0.0,,Monitor,Estimated from available CSV/log data when real affiliate data is missing.
review-neuronwriter-review-2026,https://smileaireviewhub.com/neuronwriter-review-2026/,Review Neuronwriter Review 2026,0.0,0.0,Review,0.0,,Monitor,Estimated from available CSV/log data when real affiliate data is missing.
review-notion,https://smileaireviewhub.com/review/notion/,Review Notion,0.0,0.0,Review,0.0,,Monitor,Estimated from available CSV/log data when real affiliate data is missing.
review-notion-ai,https://smileaireviewhub.com/review/notion-ai/,Review Notion Ai,0.0,0.0,Review,0.0,,Monitor,Estimated from available CSV/log data when real affiliate data is missing.
review-perplexity,https://smileaireviewhub.com/review/perplexity/,Review Perplexity,0.0,0.0,Review,0.0,,Monitor,Estimated from available CSV/log data when real affiliate data is missing.
review-pipedrive,https://smileaireviewhub.com/review/pipedrive/,Review Pipedrive,0.0,0.0,Review,0.0,,Monitor,Estimated from available CSV/log data when real affiliate data is missing.
review-pipedrive-crm,https://smileaireviewhub.com/review/pipedrive-crm/,Review Pipedrive Crm,0.0,0.0,Review,0.0,,Monitor,Estimated from available CSV/log data when real affiliate data is missing.
review-plausible-analytics-review-2026,https://smileaireviewhub.com/plausible-analytics-review-2026/,Review Plausible Analytics Review 2026,0.0,0.0,Review,0.0,,Monitor,Estimated from available CSV/log data when real affiliate data is missing.
review-reclaim-ai,https://smileaireviewhub.com/review/reclaim-ai/,Review Reclaim Ai,0.0,0.0,Review,0.0,,Monitor,Estimated from available CSV/log data when real affiliate data is missing.
review-replit,https://smileaireviewhub.com/review/replit/,Review Replit,0.0,0.0,Review,0.0,,Monitor,Estimated from available CSV/log data when real affiliate data is missing.
review-runway,https://smileaireviewhub.com/review/runway/,Review Runway,0.0,0.0,Review,0.0,,Monitor,Estimated from available CSV/log data when real affiliate data is missing.
review-se-ranking-review-2026,https://smileaireviewhub.com/se-ranking-review-2026/,Review Se Ranking Review 2026,0.0,0.0,Review,0.0,,Monitor,Estimated from available CSV/log data when real affiliate data is missing.
review-semrush,https://smileaireviewhub.com/review/semrush/,Review Semrush,0.0,0.0,Review,0.0,,Monitor,Estimated from available CSV/log data when real affiliate data is missing.
review-semrush-ai,https://smileaireviewhub.com/review/semrush-ai/,Review Semrush Ai,0.0,0.0,Review,0.0,,Monitor,Estimated from available CSV/log data when real affiliate data is missing.
review-semrush-vs-ahrefs-2026,https://smileaireviewhub.com/compare/semrush-vs-ahrefs/,Review Semrush Vs Ahrefs 2026,0.0,0.0,Review,0.0,,Monitor,Estimated from available CSV/log data when real affiliate data is missing.
review-senja-review-2026,https://smileaireviewhub.com/senja-review-2026/,Review Senja Review 2026,0.0,0.0,Review,0.0,,Monitor,Estimated from available CSV/log data when real affiliate data is missing.
review-serpstat-review-2026,https://smileaireviewhub.com/serpstat-review-2026/,Review Serpstat Review 2026,0.0,0.0,Review,0.0,,Monitor,Estimated from available CSV/log data when real affiliate data is missing.
review-surfer-seo,https://smileaireviewhub.com/review/surfer-seo/,Review Surfer Seo,0.0,0.0,Review,0.0,,Monitor,Estimated from available CSV/log data when real affiliate data is missing.
review-surfer-seo-alternatives,https://smileaireviewhub.com/surfer-seo-alternatives/,Review Surfer Seo Alternatives,0.0,0.0,Review,0.0,,Monitor,Estimated from available CSV/log data when real affiliate data is missing.
review-surfer-seo-review-2026,https://smileaireviewhub.com/review/surfer-seo-review-2026/,Review Surfer Seo Review 2026,0.0,0.0,Review,0.0,,Monitor,Estimated from available CSV/log data when real affiliate data is missing.
review-synthesia,https://smileaireviewhub.com/review/synthesia/,Review Synthesia,0.0,0.0,Review,0.0,,Monitor,Estimated from available CSV/log data when real affiliate data is missing.
review-systeme-io-review-2026,https://smileaireviewhub.com/systeme-io-review-2026/,Review Systeme Io Review 2026,0.0,0.0,Review,0.0,,Monitor,Estimated from available CSV/log data when real affiliate data is missing.
review-tally-forms-review-2026,https://smileaireviewhub.com/tally-forms-review-2026/,Review Tally Forms Review 2026,0.0,0.0,Review,0.0,,Monitor,Estimated from available CSV/log data when real affiliate data is missing.
review-trackdesk-review-2026,https://smileaireviewhub.com/trackdesk-review-2026/,Review Trackdesk Review 2026,0.0,0.0,Review,0.0,,Monitor,Estimated from available CSV/log data when real affiliate data is missing.
review-ubersuggest-review-2026,https://smileaireviewhub.com/ubersuggest-review-2026/,Review Ubersuggest Review 2026,0.0,0.0,Review,0.0,,Monitor,Estimated from available CSV/log data when real affiliate data is missing.
review-unbounce-review-2026,https://smileaireviewhub.com/unbounce-review-2026/,Review Unbounce Review 2026,0.0,0.0,Review,0.0,,Monitor,Estimated from available CSV/log data when real affiliate data is missing.
review-webflow,https://smileaireviewhub.com/review/webflow/,Review Webflow,0.0,0.0,Review,0.0,,Monitor,Estimated from available CSV/log data when real affiliate data is missing.
review-webflow-ai,https://smileaireviewhub.com/review/webflow-ai/,Review Webflow Ai,0.0,0.0,Review,0.0,,Monitor,Estimated from available CSV/log data when real affiliate data is missing.
review-windsurf,https://smileaireviewhub.com/review/windsurf/,Review Windsurf,0.0,0.0,Review,0.0,,Monitor,Estimated from available CSV/log data when real affiliate data is missing.
review-windsurf-review-2026,https://smileaireviewhub.com/review/windsurf-review-2026/,Review Windsurf Review 2026,0.0,0.0,Review,0.0,,Monitor,Estimated from available CSV/log data when real affiliate data is missing.
review-wordtune-review-2026,https://smileaireviewhub.com/wordtune-review-2026/,Review Wordtune Review 2026,0.0,0.0,Review,0.0,,Monitor,Estimated from available CSV/log data when real affiliate data is missing.
review-zapier,https://smileaireviewhub.com/review/zapier/,Review Zapier,0.0,0.0,Review,0.0,,Monitor,Estimated from available CSV/log data when real affiliate data is missing.
review-zapier-alternatives,https://smileaireviewhub.com/zapier-alternatives/,Review Zapier Alternatives,0.0,0.0,Review,0.0,,Monitor,Estimated from available CSV/log data when real affiliate data is missing.
rnns-vs-transformers-vs-ssms-where-should-ai-memory-live-for-continual-learning,https://smileaireviewhub.com/rnns-vs-transformers-vs-ssms-where-should-ai-memory-live-for-continual-learning/,Rnns Vs Transformers Vs Ssms Where Should Ai Memory Live For Continual Learning,0.0,0.0,Rnns,0.0,,Monitor,Estimated from available CSV/log data when real affiliate data is missing.
runway,https://smileaireviewhub.com/runway/,Runway,0.0,0.0,Runway,0.0,,Monitor,Estimated from available CSV/log data when real affiliate data is missing.
saas-stocks-are-rallying-on-ai-optimism-3-stocks-to-buy-now,https://smileaireviewhub.com/saas-stocks-are-rallying-on-ai-optimism-3-stocks-to-buy-now/,SaaS stocks are rallying on AI optimism. 3 stocks to buy now.,0.0,0.0,Saas,0.0,,Monitor,Estimated from available CSV/log data when real affiliate data is missing.
search-marketing-s-insight-gap-when-automation-replaces-understanding,https://smileaireviewhub.com/search-marketing-s-insight-gap-when-automation-replaces-understanding/,Search Marketing’s Insight Gap: When Automation Replaces Understanding,0.0,0.0,Search,0.0,,Monitor,Estimated from available CSV/log data when real affiliate data is missing.
self-hosting-guide-review-2026,https://smileaireviewhub.com/self-hosting-guide-review-2026/,Self Hosting Guide Review 2026,0.0,0.0,Self,0.0,,Monitor,Estimated from available CSV/log data when real affiliate data is missing.
semrush,https://smileaireviewhub.com/semrush/,Semrush,0.0,0.0,Semrush,0.0,,Monitor,Estimated from available CSV/log data when real affiliate data is missing.
semrush-ai,https://smileaireviewhub.com/semrush-ai/,Semrush Ai,0.0,0.0,Semrush,0.0,,Monitor,Estimated from available CSV/log data when real affiliate data is missing.
shopify-launches-ai-powered-marketing-automation-tool,https://smileaireviewhub.com/shopify-launches-ai-powered-marketing-automation-tool/,Shopify launches AI-powered marketing automation tool,0.0,0.0,Shopify,0.0,,Monitor,Estimated from available CSV/log data when real affiliate data is missing.
skillspector-review-2026,https://smileaireviewhub.com/skillspector-review-2026/,Skillspector Review 2026,0.0,0.0,Skillspector,0.0,,Monitor,Estimated from available CSV/log data when real affiliate data is missing.
surfer-seo,https://smileaireviewhub.com/surfer-seo/,Surfer Seo,0.0,0.0,Surfer,0.0,,Monitor,Estimated from available CSV/log data when real affiliate data is missing.
surfer-seo-free-trial,https://smileaireviewhub.com/surfer-seo-free-trial/,Surfer Seo Free Trial,0.0,0.0,Surfer,0.0,,Monitor,Estimated from available CSV/log data when real affiliate data is missing.
surfer-seo-vs-clearscope,https://smileaireviewhub.com/surfer-seo-vs-clearscope/,Surfer Seo Vs Clearscope,0.0,0.0,Surfer,0.0,,Monitor,Estimated from available CSV/log data when real affiliate data is missing.
synthesia,https://smileaireviewhub.com/synthesia/,Synthesia,0.0,0.0,Synthesia,0.0,,Monitor,Estimated from available CSV/log data when real affiliate data is missing.
tavant-debuts-agentic-ai-platform-for-software-engineering-automation,https://smileaireviewhub.com/tavant-debuts-agentic-ai-platform-for-software-engineering-automation/,"Tavant debuts agentic AI platform for software engineering, automation",0.0,0.0,Tavant,0.0,,Monitor,Estimated from available CSV/log data when real affiliate data is missing.
the-best-ai-coding-tool-isn-t-the-one-that-writes-the-most-code,https://smileaireviewhub.com/the-best-ai-coding-tool-isn-t-the-one-that-writes-the-most-code/,The best AI coding tool isn't the one that writes the most code,0.0,0.0,The,0.0,,Monitor,Estimated from available CSV/log data when real affiliate data is missing.
the-first-big-exit-in-ai,https://smileaireviewhub.com/the-first-big-exit-in-ai/,The first big exit in AI,0.0,0.0,The,0.0,,Monitor,Estimated from available CSV/log data when real affiliate data is missing.
the-future-of-matrix-marketing-how-ai-and-environment-isolation-are-replacing-legacy-rpa,https://smileaireviewhub.com/the-future-of-matrix-marketing-how-ai-and-environment-isolation-are-replacing-legacy-rpa/,The Future of Matrix Marketing: How AI and Environment Isolation are Replacing Legacy RPA,0.0,0.0,The,0.0,,Monitor,Estimated from available CSV/log data when real affiliate data is missing.
tidal-ai-policy,https://smileaireviewhub.com/tidal-ai-policy/,Tidal AI Policy,0.0,0.0,Tidal,0.0,,Monitor,Estimated from available CSV/log data when real affiliate data is missing.
tough-tongue-ai-for-sales,https://smileaireviewhub.com/tough-tongue-ai-for-sales/,Tough Tongue AI for Sales,0.0,0.0,Tough,0.0,,Monitor,Estimated from available CSV/log data when real affiliate data is missing.
vulnclaw-review-2026,https://smileaireviewhub.com/vulnclaw-review-2026/,VulnClaw Review 2026,0.0,0.0,Vulnclaw,0.0,,Monitor,Estimated from available CSV/log data when real affiliate data is missing.
webflow,https://smileaireviewhub.com/webflow/,Webflow,0.0,0.0,Webflow,0.0,,Monitor,Estimated from available CSV/log data when real affiliate data is missing.
webflow-ai,https://smileaireviewhub.com/webflow-ai/,Webflow Ai,0.0,0.0,Webflow,0.0,,Monitor,Estimated from available CSV/log data when real affiliate data is missing.
webflow-pros-and-cons,https://smileaireviewhub.com/webflow-pros-and-cons/,Webflow Pros And Cons,0.0,0.0,Webflow,0.0,,Monitor,Estimated from available CSV/log data when real affiliate data is missing.
what-ai-capability-do-you-think-is-still-surprisingly-underdeveloped,https://smileaireviewhub.com/what-ai-capability-do-you-think-is-still-surprisingly-underdeveloped/,What AI capability do you think is still surprisingly underdeveloped?,0.0,0.0,What,0.0,,Monitor,Estimated from available CSV/log data when real affiliate data is missing.
what-if-ai-s-failures-reveal-our-vices-more-than-its-limits,https://smileaireviewhub.com/what-if-ai-s-failures-reveal-our-vices-more-than-its-limits/,What if AI's failures reveal our vices more than its limits?,0.0,0.0,What,0.0,,Monitor,Estimated from available CSV/log data when real affiliate data is missing.
when-an-ai-agent-goes-rogue-who-takes-the-blame,https://smileaireviewhub.com/when-an-ai-agent-goes-rogue-who-takes-the-blame/,"When An AI Agent Goes Rogue, Who Takes The Blame?",0.0,0.0,When,0.0,,Monitor,Estimated from available CSV/log data when real affiliate data is missing.
why-won-t-europe-build-ai-data-centers-in-iceland,https://smileaireviewhub.com/why-won-t-europe-build-ai-data-centers-in-iceland/,Why Won't Europe Build AI Data Centers in Iceland?,0.0,0.0,Why,0.0,,Monitor,Estimated from available CSV/log data when real affiliate data is missing.
windsurf,https://smileaireviewhub.com/windsurf/,Windsurf,0.0,0.0,Windsurf,0.0,,Monitor,Estimated from available CSV/log data when real affiliate data is missing.
working-on-my-first-fully-featured-ai-companion-with-vision-for-games-and-movies-n-all-that,https://smileaireviewhub.com/working-on-my-first-fully-featured-ai-companion-with-vision-for-games-and-movies-n-all-that/,Working on my first fully featured Ai companion with Vision for games and movies n all that!,0.0,0.0,Working,0.0,,Monitor,Estimated from available CSV/log data when real affiliate data is missing.
working-with-ai-a-concrete-example,https://smileaireviewhub.com/working-with-ai-a-concrete-example/,Working With AI: A concrete example,0.0,0.0,Working,0.0,,Monitor,Estimated from available CSV/log data when real affiliate data is missing.
zapier,https://smileaireviewhub.com/zapier/,Zapier,0.0,0.0,Zapier,0.0,,Monitor,Estimated from available CSV/log data when real affiliate data is missing.
zapier-pricing,https://smileaireviewhub.com/zapier-pricing/,Zapier Pricing,0.0,0.0,Zapier,0.0,,Monitor,Estimated from available CSV/log data when real affiliate data is missing.
zvec-review-2026,https://smileaireviewhub.com/zvec-review-2026/,Zvec Review 2026,0.0,0.0,Zvec,0.0,,Monitor,Estimated from available CSV/log data when real affiliate data is missing.
